solver,n,p,time,sd
NumPy Solve,3400,5000,3.3977085179900013,0.380722809841784
