solver,n,p,time,sd
NumPy Solve,5000,4600,2.585375291939999,0.3781153641606204
