solver,n,p,time,sd
NumPy Solve,5000,1000,0.07334809246999993,0.04614603449142233
