solver,n,p,time,sd
NumPy Solve,4500,5000,3.285250973240001,0.4567913760800836
