solver,n,p,time,sd
NumPy Solve,3500,5000,3.224580311880002,0.3223913002645379
