solver,n,p,time,sd
NumPy Solve,1200,5000,3.036869140439998,0.2806110683390915
