solver,n,p,time,sd
NumPy Solve,2700,5000,3.213350507079998,0.3519991375755583
