solver,n,p,time,sd
NumPy Solve,5000,1700,0.3005736491400002,0.1298440923705674
