solver,n,p,time,sd
NumPy Solve,4200,5000,3.3474795612000032,0.47545775756822106
