solver,n,p,time,sd
NumPy Solve,300,5000,3.0793699583200005,0.3047250427415702
