solver,n,p,time,sd
NumPy Solve,5000,4900,3.0969443219700064,0.4454759136521263
