solver,n,p,time,sd
NumPy Solve,1100,5000,3.0051051695400006,0.2800712826207287
