solver,n,p,time,sd
NumPy Solve,3300,5000,3.2496227052899975,0.481613341674228
