solver,n,p,time,sd
NumPy Solve,5000,1400,0.20148162243999976,0.08711183271184472
