solver,n,p,time,sd
NumPy Solve,3900,5000,3.2960483672400027,0.4276820994640539
