solver,n,p,time,sd
NumPy Solve,5000,2700,0.5985290301400005,0.12739619024100987
