solver,n,p,time,sd
NumPy Solve,5000,3700,1.420994734509999,0.0963621553169381
