solver,n,p,time,sd
NumPy Solve,1700,5000,3.1683534943900007,0.32094281983200923
