solver,n,p,time,sd
NumPy Solve,4400,5000,3.2925903066100033,0.5542755429567388
