solver,n,p,time,sd
NumPy Solve,5000,3800,1.495844666780004,0.10707114893327084
