solver,n,p,time,sd
NumPy Solve,100,5000,2.9603870911199976,0.339157742461815
