solver,n,p,time,sd
NumPy Solve,5000,3000,0.7670746452399997,0.11637106313815326
