solver,n,p,time,sd
NumPy Solve,800,5000,3.0351901824099974,0.288380446090976
