solver,n,p,time,sd
NumPy Solve,1900,5000,3.0971096572200043,0.4538738929305751
