solver,n,p,time,sd
NumPy Solve,5000,400,0.007808375470000053,0.001647495580085345
