solver,n,p,time,sd
NumPy Solve,1000,5000,3.1961934048900003,0.32333121592681124
