solver,n,p,time,sd
NumPy Solve,5000,1800,0.35052512228,0.17613663786105255
