solver,n,p,time,sd
NumPy Solve,5000,4100,1.7262270571499985,0.20261836313362408
