solver,n,p,time,sd
NumPy Solve,5000,2500,0.5068968897599998,0.14155181734819483
