solver,n,p,time,sd
NumPy Solve,4800,5000,3.3482389951699987,0.5712636054088593
