solver,n,p,time,sd
NumPy Solve,2900,5000,3.073127181179999,0.38528262198642405
