solver,n,p,time,sd
NumPy Solve,5000,3200,0.9222918339,0.07818935112475198
