solver,n,p,time,sd
NumPy Solve,4000,5000,3.197148697869994,0.4826104164825421
