solver,n,p,time,sd
NumPy Solve,3600,5000,3.2967011659700036,0.4138285445791676
