solver,n,p,time,sd
NumPy Solve,400,5000,2.9428732717600012,0.30805477066358916
