solver,n,p,time,sd
NumPy Solve,700,5000,2.96800220459,0.2723453454545475
