solver,n,p,time,sd
NumPy Solve,5000,700,0.033996723719999865,0.013090480730463273
