solver,n,p,time,sd
NumPy Solve,5000,800,0.05504055194999996,0.026158697269417636
