solver,n,p,time,sd
NumPy Solve,2600,5000,3.2583965002400044,0.48164317587252065
