solver,n,p,time,sd
NumPy Solve,2200,5000,3.240920916240001,0.40150041242920653
