solver,n,p,time,sd
NumPy Solve,900,5000,3.159470194050001,0.3516001917141061
