solver,n,p,time,sd
NumPy Solve,5000,4200,1.8294343902499985,0.1852635153078529
