solver,n,p,time,sd
NumPy Solve,4300,5000,3.2742816240299963,0.4082891118469965
