solver,n,p,time,sd
NumPy Solve,4700,5000,3.3492317710199977,0.4710837841140731
