solver,n,p,time,sd
NumPy Solve,600,5000,2.9125726833600045,0.2817648697393362
