solver,n,p,time,sd
NumPy Solve,3700,5000,3.2521039273100016,0.42363790483791225
