solver,n,p,time,sd
NumPy Solve,5000,2200,0.3979316697100002,0.15592032029968267
