solver,n,p,time,sd
NumPy Solve,2300,5000,3.1519770652500005,0.4090152696334389
