solver,n,p,time,sd
NumPy Solve,1300,5000,3.0714507536,0.25441926274091475
