solver,n,p,time,sd
NumPy Solve,5000,4800,2.9080087228000036,0.4138477889919386
