solver,n,p,time,sd
NumPy Solve,5000,1900,0.3650802713900002,0.14013621725859307
