solver,n,p,time,sd
NumPy Solve,3100,5000,3.2616428494700016,0.3370308722155612
