solver,n,p,time,sd
NumPy Solve,5000,600,0.024891965249999974,0.028113088444427062
