solver,n,p,time,sd
NumPy Solve,3000,5000,3.0815025508100025,0.45450332905919816
