solver,n,p,time,sd
NumPy Solve,5000,5000,3.2825842379000054,0.43863372005773354
