solver,n,p,time,sd
NumPy Solve,5000,4400,2.2484126685899963,0.2968034833544871
