solver,n,p,time,sd
NumPy Solve,1600,5000,3.126087636069998,0.326355793492281
