solver,n,p,time,sd
NumPy Solve,1400,5000,3.016539814819999,0.336751576567466
