solver,n,p,time,sd
NumPy Solve,2100,5000,3.2406221458099997,0.38655133542927017
