solver,n,p,time,sd
NumPy Solve,5000,300,0.004024952160000007,0.001047498440854419
