solver,n,p,time,sd
NumPy Solve,1800,5000,3.1796598252800017,0.33166407309976503
