solver,n,p,time,sd
NumPy Solve,5000,100,4.319438999999703e-05,2.7153408779707145e-05
