solver,n,p,time,sd
NumPy Solve,4900,5000,3.307850053219994,0.41596099861911673
