solver,n,p,time,sd
NumPy Solve,2000,5000,3.162216878680001,0.34061181740766
