solver,n,p,time,sd
NumPy Solve,5000,3500,1.1686725114800018,0.09243353281663877
