solver,n,p,time,sd
NumPy Solve,5000,900,0.06186906892000017,0.032895033144366835
