solver,n,p,time,sd
NumPy Solve,5000,1300,0.1756356725599998,0.06832461151639056
