solver,n,p,time,sd
NumPy Solve,2800,5000,3.1896824276200033,0.38631498527354136
