solver,n,p,time,sd
NumPy Solve,5000,2600,0.5628445650599996,0.14961413763901962
