solver,n,p,time,sd
NumPy Solve,500,5000,3.020684187319999,0.316258470207134
