solver,n,p,time,sd
NumPy Solve,5000,1600,0.23920002952000005,0.10645547849618205
