solver,n,p,time,sd
NumPy Solve,5000,2100,0.37003753792,0.15481164241588682
