solver,n,p,time,sd
NumPy Solve,5000,200,0.0020388597300000045,0.0010557894995534165
