solver,n,p,time,sd
NumPy Solve,5000,3900,1.6267777042900025,0.07337394819090386
