solver,n,p,time,sd
NumPy Solve,5000,4300,2.1466906043799994,0.3129502895052102
