solver,n,p,time,sd
NumPy Solve,2500,5000,3.248910534370002,0.4279371256903636
