solver,n,p,time,sd
NumPy Solve,5000,4500,2.467430524550002,0.35744482593762034
