solver,n,p,time,sd
NumPy Solve,5000,3300,0.9977114228400009,0.08748162360901938
