solver,n,p,time,sd
NumPy Solve,5000,1100,0.10658454229000017,0.05164781794138162
