solver,n,p,time,sd
NumPy Solve,5000,2900,0.6779307791299997,0.06675386548362115
