solver,n,p,time,sd
NumPy Solve,5000,1500,0.24908911555999982,0.1067204547637146
