solver,n,p,time,sd
NumPy Solve,200,5000,3.049990657229999,0.2570753953844475
