solver,n,p,time,sd
NumPy Solve,3200,5000,3.2293759032899993,0.44518843996491936
