solver,n,p,time,sd
NumPy Solve,5000,1200,0.1379274177100001,0.09413335975050839
