solver,n,p,time,sd
NumPy Solve,5000,2300,0.45993557423,0.3007604229142468
