solver,n,p,time,sd
NumPy Solve,1500,5000,3.086379251470001,0.264543437018086
