solver,n,p,time,sd
NumPy Solve,5000,500,0.012368310180000015,0.0047237580468612525
