solver,n,p,time,sd
NumPy Solve,5000,3600,1.3179625552499996,0.08117070021594987
