solver,n,p,time,sd
NumPy Solve,3800,5000,3.2501205228799983,0.5084273864613627
