solver,n,p,time,sd
NumPy Solve,2400,5000,3.138959939330003,0.29320195347634337
