solver,n,p,time,sd
NumPy Solve,5000,4000,1.829713616420002,0.15282554856208536
