solver,n,p,time,sd
NumPy Solve,5000,3400,1.0883346684000008,0.0823976288625328
