solver,n,p,time,sd
NumPy Solve,4100,5000,3.2819275281999993,0.43704485877719945
