solver,n,p,time,sd
NumPy Solve,5000,4700,2.7037752083599953,0.49447934764474716
