solver,n,p,time,sd
NumPy Solve,5000,2400,0.4419725081200008,0.11416615410869614
