solver,n,p,time,sd
NumPy Solve,5000,3100,0.8042295620200005,0.05510504611558142
