solver,n,p,time,sd
NumPy Solve,4600,5000,3.2270742337199994,0.5041680749297939
