solver,n,p,time,sd
NumPy Solve,5000,2000,0.3958414716700004,0.1915186634968239
