solver,n,p,time,sd
NumPy Solve,5000,2800,0.6165058591700006,0.11814650695042644
