solver,n,p,time,sd,convergenceRate,tol
SciPy CG,200,5000,0.37120650121608023,0.005196944280335603,1.0,1e-05
