solver,n,p,time,sd,convergenceRate,tol
SciPy CG,2100,5000,0.7383076842361815,0.012696208663753808,1.0,1e-05
