solver,n,p,time,sd
SciPy Solve,700,5000,3.22220920945,0.2774822242804726
