solver,n,p,time,sd
SciPy Solve,2900,5000,3.350929129019998,0.3728173349220286
