solver,n,p,time,sd
SciPy Solve,5000,1200,0.1538363749099998,0.06211368796394526
