solver,n,p,time,sd,convergenceRate,tol
SciPy CG,5000,2300,0.176145456582914,0.0342426555999123,1.0,1e-07
