solver,n,p,time,sd
SciPy Solve,5000,2700,0.6250709639400001,0.10956434897216377
