solver,n,p,time,sd,convergenceRate,tol
SciPy CG,3300,5000,0.20333299323618176,0.004831686265907644,1.0,0.001
