solver,n,p,time,sd
SciPy Solve,5000,4100,2.016575890959993,0.2152816376768193
