solver,n,p,time,sd
SciPy Solve,1000,5000,3.0684540460099985,0.32086195287383223
