solver,n,p,time,sd,convergenceRate,tol
SciPy CG,5000,700,0.0013971248793969813,0.00029207240124738774,1.0,0.001
