solver,n,p,time,sd,convergenceRate,tol
SciPy CG,5000,800,0.003732064175879471,0.0008258373295586889,1.0,1e-07
