solver,n,p,time,sd
SciPy Solve,5000,900,0.06874724588999997,0.039579451492218844
