solver,n,p,time,sd
SciPy Solve,600,5000,3.1145646418600017,0.35029033086661837
