solver,n,p,time,sd,convergenceRate,tol
SciPy CG,5000,2300,0.08735989426130657,0.017504341156477903,1.0,1e-05
