solver,n,p,time,sd,convergenceRate,tol
SciPy CG,5000,1900,0.011541073346733485,0.0009359925534041634,1.0,0.001
