solver,n,p,time,sd
SciPy Solve,3700,5000,3.3450174602800007,0.33688415324754134
