solver,n,p,time,sd
SciPy Solve,5000,2800,0.6604098323199991,0.1031733170985761
