solver,n,p,time,sd,convergenceRate,tol
SciPy CG,4200,5000,1.4064689611356742,0.04852671084797456,1.0,1e-05
