solver,n,p,time,sd,convergenceRate,tol
SciPy CG,4000,5000,0.2031260564020089,0.004524890699298697,1.0,0.001
