solver,n,p,time,sd,convergenceRate,tol
SciPy CG,2700,5000,0.8880077440854288,0.04231780879267045,1.0,1e-05
