solver,n,p,time,sd
SciPy Solve,2500,5000,3.255406825989991,0.3900614506129787
