solver,n,p,time,sd,convergenceRate,tol
SciPy CG,1300,5000,0.9270897922713566,0.026387194713682508,1.0,1e-07
