solver,n,p,time,sd
SciPy Solve,5000,1000,0.07704720489999986,0.02736281822727936
