solver,n,p,time,sd
SciPy Solve,4800,5000,3.469320911010003,0.4687479663529332
