solver,n,p,time,sd
SciPy Solve,2700,5000,3.32929566831,0.39259659881783376
