solver,n,p,time,sd
SciPy Solve,5000,4300,2.140067368000002,0.22632130328010885
