solver,n,p,time,sd,convergenceRate,tol
SciPy CG,3500,5000,0.20364149869849144,0.008972685393951938,1.0,0.001
