solver,n,p,time,sd
SciPy Solve,100,5000,3.0752348880900007,0.3056985910732883
