solver,n,p,time,sd,convergenceRate,tol
SciPy CG,700,5000,0.6845719245226143,0.027246826557118086,1.0,1e-07
