solver,n,p,time,sd
SciPy Solve,1400,5000,3.14861876834,0.2878770148278178
