solver,n,p,time,sd,convergenceRate,tol
SciPy CG,2100,5000,0.2041371366432161,0.006711253674486092,1.0,0.001
