solver,n,p,time,sd
SciPy Solve,5000,3600,1.3380225361500027,0.06449313633523772
