solver,n,p,time,sd
SciPy Solve,5000,1400,0.26291322495999997,0.13415771749305425
