solver,n,p,time,sd,convergenceRate,tol
SciPy CG,5000,1300,0.010028289844221083,0.0007048250794620004,1.0,1e-05
