solver,n,p,time,sd
SciPy Solve,5000,100,7.930544999999816e-05,3.736965265677082e-05
