solver,n,p,time,sd
SciPy Solve,800,5000,3.139252839999999,0.29418534034900706
