solver,n,p,time,sd
SciPy Solve,5000,3500,1.2178611332199971,0.08523448582162936
