solver,n,p,time,sd,convergenceRate,tol
SciPy CG,3400,5000,2.3186566623065312,0.04299137027597869,1.0,1e-07
