solver,n,p,time,sd
SciPy Solve,4900,5000,3.3489411931700017,0.4679847206036082
