solver,n,p,time,sd
SciPy Solve,3800,5000,3.365013447130001,0.4143752694868777
