solver,n,p,time,sd
SciPy Solve,1900,5000,3.15837892723,0.2660889732440051
