solver,n,p,time,sd,convergenceRate,tol
SciPy CG,5000,2900,0.47820045374874365,0.03652062668640892,1.0,1e-07
