solver,n,p,time,sd,convergenceRate,tol
SciPy CG,5000,2000,0.01330891381407045,0.0013970198988731484,1.0,0.001
