solver,n,p,time,sd
SciPy Solve,5000,4900,3.4212048408099975,0.45156790705464317
