solver,n,p,time,sd
SciPy Solve,5000,400,0.00870852520000001,0.0031359587606297253
