solver,n,p,time,sd
SciPy Solve,5000,2900,0.7703731662600022,0.10788849091181169
