solver,n,p,time,sd,convergenceRate,tol
SciPy CG,2100,5000,1.2691141993115584,0.050047811588828754,1.0,1e-07
