solver,n,p,time,sd,convergenceRate,tol
SciPy CG,100,5000,0.44690946193467346,0.01378449042887271,1.0,1e-07
