solver,n,p,time,sd,convergenceRate,tol
SciPy CG,800,5000,0.4489450600452266,0.00541374420270434,1.0,1e-05
