solver,n,p,time,sd
SciPy Solve,4300,5000,3.3726426613000013,0.38686269604352963
