solver,n,p,time,sd
SciPy Solve,3600,5000,3.3455672851200005,0.3925434763677643
