solver,n,p,time,sd
SciPy Solve,1100,5000,3.0983391314600004,0.32522191527479266
