solver,n,p,time,sd
SciPy Solve,2600,5000,3.202720872160005,0.3969032026706134
