solver,n,p,time,sd,convergenceRate,tol
SciPy CG,1400,5000,0.578154683261306,0.024273699782401542,1.0,1e-05
