solver,n,p,time,sd,convergenceRate,tol
SciPy CG,2000,5000,0.20366132162813838,0.002733901040964536,1.0,0.001
