solver,n,p,time,sd
SciPy Solve,1200,5000,3.1694576145600024,0.30253680978889486
