solver,n,p,time,sd
SciPy Solve,1500,5000,3.197156895039999,0.28851723433819515
