solver,n,p,time,sd
SciPy Solve,5000,3900,1.8905795461700006,0.16300601962407144
