solver,n,p,time,sd
SciPy Solve,1700,5000,3.210111011640002,0.34106391935483377
