solver,n,p,time,sd,convergenceRate,tol
SciPy CG,4500,5000,5.774597587819089,0.12612994002968475,1.0,1e-07
