solver,n,p,time,sd
SciPy Solve,5000,1300,0.18075199071000006,0.09275288579498009
