solver,n,p,time,sd,convergenceRate,tol
SciPy CG,4500,5000,1.5095744750301503,0.03669986746564193,1.0,1e-05
