solver,n,p,time,sd
SciPy Solve,500,5000,3.186440886849998,0.2685123493707079
