solver,n,p,time,sd
SciPy Solve,3100,5000,3.290334499050003,0.3725337431114612
