solver,n,p,time,sd
SciPy Solve,5000,2200,0.3565057793800004,0.09156400299169187
