solver,n,p,time,sd,convergenceRate,tol
SciPy CG,5000,5000,1.5527405346934684,0.04057192721702333,1.0,1e-05
