solver,n,p,time,sd
SciPy Solve,2200,5000,3.2035017548500013,0.3410645843321126
