solver,n,p,time,sd
SciPy Solve,4000,5000,3.237086360379999,0.497757795802608
