solver,n,p,time,sd,convergenceRate,tol
SciPy CG,1000,5000,0.20508385743216048,0.005387070428208942,1.0,0.001
