solver,n,p,time,sd,convergenceRate,tol
SciPy CG,500,5000,0.4106587006231158,0.0050843492173888545,1.0,1e-05
