solver,n,p,time,sd
SciPy Solve,900,5000,3.176922544970001,0.2514798639948413
