solver,n,p,time,sd
SciPy Solve,5000,1500,0.2637335544599999,0.11245204325036828
