solver,n,p,time,sd
SciPy Solve,10,10,3.298772000000005e-05,2.9128583232309338e-05
