solver,n,p,time,sd
SciPy Solve,5000,3000,0.8248867425099994,0.11246200166820064
