solver,n,p,time,sd
SciPy Solve,5000,1900,0.41749249225000007,0.22069992969641855
