solver,n,p,time,sd
SciPy Solve,5000,1700,0.32728472407000003,0.1462047263817314
