solver,n,p,time,sd,convergenceRate,tol
SciPy CG,5000,100,0.00013642735175878776,9.956978157201289e-05,1.0,1e-07
