solver,n,p,time,sd
SciPy Solve,5000,3100,0.94394248292,0.09435208868367007
