solver,n,p,time,sd
SciPy Solve,3900,5000,3.3307216693699986,0.32511141049211284
