solver,n,p,time,sd
SciPy Solve,5000,3300,1.0324739329799981,0.07087708657778799
