solver,n,p,time,sd
SciPy Solve,5000,1800,0.36259946622000055,0.1692406075389923
