solver,n,p,time,sd,convergenceRate,tol
SciPy CG,1700,5000,0.6191286128492465,0.014603915804036935,1.0,1e-05
