solver,n,p,time,sd
SciPy Solve,5000,4700,2.68638334372,0.258339829471153
