solver,n,p,time,sd
SciPy Solve,4600,5000,3.4780176050299962,0.4780454795987405
