solver,n,p,time,sd
SciPy Solve,1300,5000,3.254984753359999,0.2824500724847714
