solver,n,p,time,sd
SciPy Solve,5000,300,0.004665749689999995,0.0008794309688577535
