solver,n,p,time,sd
SciPy Solve,5000,700,0.048821434679999894,0.031706995026143235
