solver,n,p,time,sd
SciPy Solve,300,5000,3.0398996168899983,0.28878178704038016
