solver,n,p,time,sd
SciPy Solve,5000,4600,2.8450571546800068,0.3459385884017814
