solver,n,p,time,sd
SciPy Solve,5000,5000,3.39342992888,0.4760804797074073
