solver,n,p,time,sd,convergenceRate,tol
SciPy CG,2500,5000,0.2029306914472364,0.0029812565439905916,1.0,0.001
