solver,n,p,time,sd
SciPy Solve,5000,3700,1.4851401407399982,0.09909581727387101
