solver,n,p,time,sd
SciPy Solve,5000,4500,2.6144691293199984,0.277974236802259
