solver,n,p,time,sd
SciPy Solve,5000,800,0.05549945168999988,0.03256570583054128
