solver,n,p,time,sd
SciPy Solve,5000,4400,2.389047989320004,0.3015746337017253
