solver,n,p,time,sd
SciPy Solve,5000,3400,1.124304884770002,0.07675237270910978
