solver,n,p,time,sd
SciPy Solve,5000,4000,1.9976987865899962,0.16363061974447976
