solver,n,p,time,sd
SciPy Solve,4700,5000,3.468689895699999,0.43015560873726866
