solver,n,p,time,sd
SciPy Solve,2300,5000,3.183147433849998,0.39018738075191395
