solver,n,p,time,sd,convergenceRate,tol
SciPy CG,5000,1200,0.011920139080402103,0.0014008380787371272,1.0,1e-07
