solver,n,p,time,sd,convergenceRate,tol
SciPy CG,5000,2900,0.05471730180904571,0.00436717775664827,1.0,0.001
