solver,n,p,time,sd,convergenceRate,tol
SciPy CG,5000,2500,0.1281029980452263,0.020197107862737235,1.0,1e-05
