solver,n,p,time,sd
SciPy Solve,5000,600,0.02540041777000006,0.014619451448597767
