solver,n,p,time,sd
SciPy Solve,5000,4200,2.187824060799997,0.22133899738340018
