solver,n,p,time,sd
SciPy Solve,5000,2100,0.3473083408199998,0.12802555369824756
