solver,n,p,time,sd
SciPy Solve,400,5000,3.147162858959999,0.30165964998650774
