solver,n,p,time,sd
SciPy Solve,3300,5000,3.1847941976699996,0.37517537696374986
