solver,n,p,time,sd
SciPy Solve,5000,2300,0.3978379752100006,0.09628002098191425
