solver,n,p,time,sd
SciPy Solve,4400,5000,3.301311545210001,0.4685355411157013
