solver,n,p,time,sd
SciPy Solve,2400,5000,3.3934061825400024,0.3918963986901593
