solver,n,p,time,sd,convergenceRate,tol
SciPy CG,1900,5000,0.6602135600552741,0.01887158834898278,1.0,1e-05
