solver,n,p,time,sd
SciPy Solve,2100,5000,3.192539011150003,0.3354429026024
