solver,n,p,time,sd
SciPy Solve,5000,3200,1.0519339001800005,0.0719274571239075
