solver,n,p,time,sd
SciPy Solve,3000,5000,3.3299920047800047,0.44231795223506104
