solver,n,p,time,sd
SciPy Solve,1800,5000,3.159347051740001,0.3099497313411738
