solver,n,p,time,sd,convergenceRate,tol
SciPy CG,1100,5000,0.20577610448743716,0.0031303138191701653,1.0,0.001
