solver,n,p,time,sd
SciPy Solve,3500,5000,3.305300770469996,0.4093479817106142
