solver,n,p,time,sd
SciPy Solve,5000,2000,0.34079199979999986,0.13845088409428252
