solver,n,p,time,sd,convergenceRate,tol
SciPy CG,4000,5000,1.3300805947638163,0.037313550127507825,1.0,1e-05
