solver,n,p,time,sd
SciPy Solve,5000,1600,0.26496979543999954,0.12798518461029987
