solver,n,p,time,sd,convergenceRate,tol
SciPy CG,200,5000,0.20781113488944744,0.00781133607510009,1.0,0.001
