solver,n,p,time,sd
SciPy Solve,3200,5000,3.235167640379997,0.4182463636565563
