solver,n,p,time,sd
SciPy Solve,4500,5000,3.419672045489999,0.4029967478695233
