solver,n,p,time,sd,convergenceRate,tol
SciPy CG,1000,5000,0.812077233221105,0.022001327278535557,1.0,1e-07
