solver,n,p,time,sd
SciPy Solve,5000,200,0.0021230073200000092,0.0011105890955796242
