solver,n,p,time,sd
SciPy Solve,2000,5000,3.241151832470002,0.4558185552322222
