solver,n,p,time,sd
SciPy Solve,5000,500,0.017167245170000008,0.009736047619642344
