solver,n,p,time,sd
SciPy Solve,5000,4800,3.104873467400005,0.3587116126702378
