solver,n,p,time,sd
SciPy Solve,4200,5000,3.401286198900001,0.40756323964913527
