solver,n,p,time,sd
SciPy Solve,2800,5000,3.188548224920005,0.2755508855439886
