solver,n,p,time,sd
SciPy Solve,3400,5000,3.256281853300004,0.48389190611409283
