solver,n,p,time,sd,convergenceRate,tol
SciPy CG,700,5000,0.20569772432160796,0.0068463494787607115,1.0,0.001
