solver,n,p,time,sd,convergenceRate,tol
SciPy CG,5000,2000,0.04141874611557826,0.007149873502611779,1.0,1e-05
