solver,n,p,time,sd
SciPy Solve,5000,3800,1.6753319885499989,0.1484088520049143
