solver,n,p,time,sd
SciPy Solve,4100,5000,3.3829714890799996,0.424794865220477
