solver,n,p,time,sd
SciPy Solve,5000,2500,0.4882896508800003,0.11314508164146893
