solver,n,p,time,sd
SciPy Solve,1600,5000,3.1842282097200028,0.2939055279834953
