solver,n,p,time,sd
SciPy Solve,200,5000,2.987765906709999,0.26442626159536137
