solver,n,p,time,sd
SciPy Solve,5000,2400,0.44736915842000013,0.09064524347041428
