solver,n,p,time,sd,convergenceRate,tol
SciPy CG,5000,2500,0.2582318077989953,0.0415410788800404,1.0,1e-07
