solver,n,p,time,sd
SciPy Solve,5000,2600,0.5356102725200007,0.06259272689854736
