solver,n,p,time,sd,convergenceRate,tol
SciPy CG,2000,5000,0.7017129768241182,0.04264570638903145,1.0,1e-05
