solver,n,p,time,sd,convergenceRate,tol
SciPy CG,5000,4100,2.608814357195977,0.05058279312401563,1.0,1e-07
