solver,n,p,time,sd
SciPy Solve,5000,1100,0.10825021607999964,0.03662403222119859
