"","solver","n","p","time","sdTime"
"1","Conjugate Gradient",5000,2000,0.0411500000000012,0.0257973356231308
