"","solver","n","p","time","sdTime"
"1","Conjugate Gradient",5000,4000,0.198970000000005,0.0389523031307831
