"","solver","n","p","time","sdTime"
"1","Conjugate Gradient",5000,100,0.00261999999999993,0.00180783927058874
