"","solver","n","p","time","sdTime"
"1","Conjugate Gradient",5000,2400,0.0629699999999985,0.0374895150325223
