"","solver","n","p","time","sdTime"
"1","Conjugate Gradient",5000,1500,0.0216299999999984,0.014563448781249
