"","solver","n","p","time","sdTime"
"1","Conjugate Gradient",5000,300,0.0039299999999999,0.0016221634139056
