"","solver","n","p","time","sdTime"
"1","Conjugate Gradient",5000,600,0.0466400000000002,0.0388983445935842
