"","solver","n","p","time","sdTime"
"1","Conjugate Gradient",3900,5000,0.309499999999994,0.0387010035628014
