"","solver","n","p","time","sdTime"
"1","Conjugate Gradient",5000,700,0.0612600000000003,0.0230561983602728
