"","solver","n","p","time","sdTime"
"1","Conjugate Gradient",5000,4900,0.297700000000003,0.0397221409902294
