"","solver","n","p","time","sdTime"
"1","Conjugate Gradient",2600,5000,0.304419999999999,0.0392294931309763
