"","solver","n","p","time","sdTime"
"1","Conjugate Gradient",5000,500,0.00658000000000012,0.00556899787876903
