"","solver","n","p","time","sdTime"
"1","Conjugate Gradient",4000,5000,0.299410000000007,0.0402027927569014
