"","solver","n","p","time","sdTime"
"1","Conjugate Gradient",10,10,0.000919999999999999,0.000562821176545167
