"","solver","n","p","time","sdTime"
"1","Conjugate Gradient",4900,5000,0.304810000000002,0.0423527025600686
