"","solver","n","p","time","sdTime"
"1","Conjugate Gradient",5000,900,0.00973000000000017,0.00506494189143802
