"","solver","n","p","time","sdTime"
"1","Conjugate Gradient",1900,5000,0.314159999999997,0.0496748457776212
