"","solver","n","p","time","sdTime"
"1","Conjugate Gradient",2200,5000,0.305730000000002,0.0488226754322548
