"","solver","n","p","time","sdTime"
"1","Conjugate Gradient",5000,1600,0.0280999999999985,0.017883743535074
