"","solver","n","p","time","sdTime"
"1","Conjugate Gradient",5000,500,0.0380800000000001,0.0240918612352338
