"","solver","n","p","time","sdTime"
"1","Conjugate Gradient",3100,5000,0.306019999999999,0.0366969516803009
