"","solver","n","p","time","sdTime"
"1","Conjugate Gradient",5000,800,0.0721500000000003,0.0248024009101763
