"","solver","n","p","time","sdTime"
"1","Conjugate Gradient",5000,2600,0.0807600000000046,0.0485195201788302
