"","solver","n","p","time","sdTime"
"1","Conjugate Gradient",5000,1100,0.0124999999999996,0.00722859082066032
