"","solver","n","p","time","sdTime"
"1","Conjugate Gradient",3700,5000,0.305310000000006,0.0365462748036027
