"","solver","n","p","time","sdTime"
"1","Conjugate Gradient",5000,1700,0.0289999999999989,0.0188288409766835
