"","solver","n","p","time","sdTime"
"1","Conjugate Gradient",5000,2900,0.0996299999999998,0.0328349576586352
