"","solver","n","p","time","sdTime"
"1","Conjugate Gradient",2500,5000,0.311599999999993,0.0451934115158832
