"","solver","n","p","time","sdTime"
"1","Conjugate Gradient",1400,5000,0.303759999999997,0.0501249187006572
