"","solver","n","p","time","sdTime"
"1","Conjugate Gradient",3000,5000,0.304500000000006,0.0392735807052762
