"","solver","n","p","time","sdTime"
"1","Conjugate Gradient",5000,4300,0.231109999999989,0.0351564741799807
