"","solver","n","p","time","sdTime"
"1","Conjugate Gradient",5000,4600,0.256670000000009,0.0701965573704624
