"","solver","n","p","time","sdTime"
"1","Conjugate Gradient",5000,1100,0.197650000000001,0.0595429350226476
