"","solver","n","p","time","sdTime"
"1","Conjugate Gradient",5000,3400,0.148699999999997,0.0410224131888675
