"","solver","n","p","time","sdTime"
"1","Conjugate Gradient",1200,5000,0.304040000000004,0.0483047815354999
