"","solver","n","p","time","sdTime"
"1","Conjugate Gradient",5000,1500,0.273390000000001,0.0586976321515804
