"","solver","n","p","time","sdTime"
"1","Conjugate Gradient",5000,2300,0.0650800000000011,0.0353198030125962
