"","solver","n","p","time","sdTime"
"1","Conjugate Gradient",1700,5000,0.311230000000001,0.0502679396591448
