"","solver","n","p","time","sdTime"
"1","Conjugate Gradient",5000,800,0.00810999999999973,0.00520080607582951
