"","solver","n","p","time","sdTime"
"1","Conjugate Gradient",2400,5000,0.313680000000001,0.0365629055274072
