"","solver","n","p","time","sdTime"
"1","Conjugate Gradient",4400,5000,0.304619999999997,0.0395432968179516
