"","solver","n","p","time","sdTime"
"1","Conjugate Gradient",5000,2100,0.0537899999999989,0.0299866283331051
