"","solver","n","p","time","sdTime"
"1","Conjugate Gradient",3800,5000,0.302109999999999,0.0381813575008356
