"","solver","n","p","time","sdTime"
"1","Conjugate Gradient",5000,4500,0.245849999999999,0.0674708129939259
