"","solver","n","p","time","sdTime"
"1","Conjugate Gradient",5000,500,0.0551299999999997,0.0209128325593778
