"","solver","n","p","time","sdTime"
"1","Conjugate Gradient",5000,1000,0.154220000000001,0.0403100558925521
