"","solver","n","p","time","sdTime"
"1","Conjugate Gradient",5000,3900,0.185629999999998,0.0472497458707302
