"","solver","n","p","time","sdTime"
"1","Conjugate Gradient",5000,2700,0.0857399999999983,0.0458827271036119
