"","solver","n","p","time","sdTime"
"1","Conjugate Gradient",3300,5000,0.305969999999995,0.0414829781325757
