"","solver","n","p","time","sdTime"
"1","Conjugate Gradient",5000,900,0.0808800000000004,0.0214109761335145
