"","solver","n","p","time","sdTime"
"1","Conjugate Gradient",5000,3100,0.119129999999998,0.0368018595819117
