"","solver","n","p","time","sdTime"
"1","Conjugate Gradient",5000,1200,0.0151800000000001,0.00836826617573238
