"","solver","n","p","time","sdTime"
"1","Conjugate Gradient",5000,5000,0.303589999999999,0.0426789979812933
