"","solver","n","p","time","sdTime"
"1","Conjugate Gradient",3400,5000,0.304750000000001,0.0387903911354961
