"","solver","n","p","time","sdTime"
"1","Conjugate Gradient",5000,1300,0.0161999999999989,0.0108804337406114
