"","solver","n","p","time","sdTime"
"1","Conjugate Gradient",5000,4800,0.284949999999992,0.0422384704249307
