"","solver","n","p","time","sdTime"
"1","Conjugate Gradient",5000,4400,0.246920000000004,0.0501334945194113
