"","solver","n","p","time","sdTime"
"1","Conjugate Gradient",2900,5000,0.310920000000001,0.0388848806015102
