"","solver","n","p","time","sdTime"
"1","Conjugate Gradient",3500,5000,0.304980000000008,0.0376230586934918
