"","solver","n","p","time","sdTime"
"1","Conjugate Gradient",5000,200,0.00317999999999999,0.00204188465131925
