"","solver","n","p","time","sdTime"
"1","Conjugate Gradient",5000,4700,0.266120000000004,0.0557887936323174
