"","solver","n","p","time","sdTime"
"1","Conjugate Gradient",5000,400,0.0046599999999999,0.00179347864681085
