"","solver","n","p","time","sdTime"
"1","Conjugate Gradient",5000,4100,0.202779999999998,0.0258658465974271
