"","solver","n","p","time","sdTime"
"1","Conjugate Gradient",5000,1400,0.326320000000001,0.0577502249766045
