"","solver","n","p","time","sdTime"
"1","Conjugate Gradient",5000,1800,0.0341800000000015,0.0220771740981869
