"","solver","n","p","time","sdTime"
"1","Conjugate Gradient",5000,2800,0.0955500000000019,0.0384419738506693
