"","solver","n","p","time","sdTime"
"1","Conjugate Gradient",5000,600,0.00662999999999973,0.00391488999032735
