"","solver","n","p","time","sdTime"
"1","Conjugate Gradient",1600,5000,0.312919999999997,0.0423228763033182
