"","solver","n","p","time","sdTime"
"1","Conjugate Gradient",5000,700,0.00722000000000019,0.00429606350234306
