"","solver","n","p","time","sdTime"
"1","Conjugate Gradient",5000,1900,0.593580000000001,0.0979249537434497
