"","solver","n","p","time","sdTime"
"1","Conjugate Gradient",5000,200,0.0146000000000001,0.00687845413687775
