"","solver","n","p","time","sdTime"
"1","Conjugate Gradient",5000,1400,0.0207100000000013,0.0166158589208269
