"","solver","n","p","time","sdTime"
"1","Conjugate Gradient",5000,2200,0.0499100000000006,0.0260539824211185
