"","solver","n","p","time","sdTime"
"1","Conjugate Gradient",5000,1000,0.0108400000000006,0.00677297064168495
