"","solver","n","p","time","sdTime"
"1","Conjugate Gradient",5000,600,0.0670999999999996,0.0339754813554324
