"","solver","n","p","time","sdTime"
"1","Conjugate Gradient",4300,5000,0.303190000000009,0.0381940010626269
