"","solver","n","p","time","sdTime"
"1","Conjugate Gradient",4100,5000,0.307800000000001,0.0358996919038057
