"","solver","n","p","time","sdTime"
"1","Conjugate Gradient",5000,1400,0.245740000000001,0.0700962714609514
