"","solver","n","p","time","sdTime"
"1","Conjugate Gradient",5000,2500,0.0673199999999991,0.0361139834133524
