"","solver","n","p","time","sdTime"
"1","Conjugate Gradient",5000,3700,0.174300000000005,0.0668668962804622
