"","solver","n","p","time","sdTime"
"1","Conjugate Gradient",2700,5000,0.313660000000003,0.0379505845631759
