"","solver","n","p","time","sdTime"
"1","Conjugate Gradient",5000,1600,0.324429999999999,0.0693674529974506
