"","solver","n","p","time","sdTime"
"1","Conjugate Gradient",5000,1300,0.180650000000001,0.0429256757240192
