"","solver","n","p","time","sdTime"
"1","Conjugate Gradient",4600,5000,0.305009999999997,0.0375388001293489
