"","solver","n","p","time","sdTime"
"1","Conjugate Gradient",5000,4200,0.226399999999993,0.0330386978489754
