"","solver","n","p","time","sdTime"
"1","Conjugate Gradient",1500,5000,0.311489999999999,0.0516664701853561
