"","solver","n","p","time","sdTime"
"1","Conjugate Gradient",5000,3600,0.160299999999994,0.0645917247725376
