"","solver","n","p","time","sdTime"
"1","Conjugate Gradient",5000,300,0.0212099999999998,0.00883895761485327
