"","solver","n","p","time","sdTime"
"1","Conjugate Gradient",1800,5000,0.305020000000002,0.0513349035572509
