"","solver","n","p","time","sdTime"
"1","Conjugate Gradient",5000,3800,0.180139999999998,0.0585932770991059
