"","solver","n","p","time","sdTime"
"1","Conjugate Gradient",5000,1900,0.0361100000000005,0.0220618483249967
