"","solver","n","p","time","sdTime","tol"
"1","GLMNet",1100,5000,0.948669999999999,0.0564405569129726,1e-05
