"","solver","n","p","time","sdTime","tol"
"1","GLMNet",1200,5000,0.886279999999999,0.0518087157754657,0.001
