"","solver","n","p","time","sdTime","tol"
"1","GLMNet",5000,3700,8.33760999999999,0.153909188428856,1e-07
