"","solver","n","p","time","sdTime","tol"
"1","GLMNet",5000,100,0.0852500000000001,0.0582686871225867,0.001
