"","solver","n","p","time","sdTime","tol"
"1","GLMNet",5000,3400,7.50702000000001,0.155001399798178,1e-07
