"","solver","n","p","time","sdTime","tol"
"1","GLMNet",5000,700,0.982350000000001,0.0586166065689281,0.001
