"","solver","n","p","time","sdTime","tol"
"1","GLMNet",700,5000,0.682739999999999,0.0749591969815661,0.001
