"","solver","n","p","time","sdTime","tol"
"1","GLMNet",5000,4000,8.13508999999999,0.124134262194225,1e-07
