"","solver","n","p","time","sdTime","tol"
"1","GLMNet",4400,5000,8.48650999999999,0.142764940310349,1e-07
