"","solver","n","p","time","sdTime","tol"
"1","GLMNet",4000,5000,7.32514000000001,0.127030817862704,1e-07
