"","solver","n","p","time","sdTime","tol"
"1","GLMNet",10,10,0.000640000000000001,0.000847098434407574,1e-05
