"","solver","n","p","time","sdTime","tol"
"1","GLMNet",5000,4100,8.23310000000001,0.139832692236765,1e-07
