"","solver","n","p","time","sdTime","tol"
"1","GLMNet",5000,4800,8.73727000000001,0.134350503075976,1e-07
