"","solver","n","p","time","sdTime","tol"
"1","GLMNet",4300,5000,8.71412999999999,0.155589829521415,1e-07
