"","solver","n","p","time","sdTime","tol"
"1","GLMNet",100,5000,0.0908499999999999,0.0643329996851136,0.001
