"","solver","n","p","time","sdTime"
"1","Solve",5000,5000,8.92959000000001,10.7595526512232
