"","solver","n","p","time","sdTime"
"1","Solve",5000,3000,6.25349000000001,13.842775130115
