"","solver","n","p","time","sdTime"
"1","Solve",3800,5000,7.83439999999998,6.79118498310475
