"","solver","n","p","time","sdTime"
"1","Solve",5000,3400,5.65620999999999,11.0386193483185
