"","solver","n","p","time","sdTime"
"1","Solve",1900,5000,8.26987000000001,6.09344495729433
