"","solver","n","p","time","sdTime"
"1","Solve",3200,5000,6.95597999999999,3.38570571841634
