"","solver","n","p","time","sdTime"
"1","Solve",1500,5000,8.90111999999999,10.2633722727814
