"","solver","n","p","time","sdTime"
"1","Solve",5000,1200,0.809650000000001,4.37210384457846
