"","solver","n","p","time","sdTime"
"1","Solve",5000,3800,6.26961999999999,9.2818941801398
