"","solver","n","p","time","sdTime"
"1","Solve",5000,1300,0.220950000000001,0.321257201310632
