"","solver","n","p","time","sdTime"
"1","Solve",3700,5000,8.22671999999999,8.35439129564854
