"","solver","n","p","time","sdTime"
"1","Solve",5000,4400,5.23272000000001,4.51893654934097
