"","solver","n","p","time","sdTime"
"1","Solve",300,5000,9.99400000000001,10.3241468999681
