"","solver","n","p","time","sdTime"
"1","Solve",5000,4800,6.49447999999999,4.52472779577497
