"","solver","n","p","time","sdTime"
"1","Solve",900,5000,9.84727000000001,11.3809106893202
