"","solver","n","p","time","sdTime"
"1","Solve",5000,900,0.0841399999999996,0.0364397995315426
