"","solver","n","p","time","sdTime"
"1","Solve",5000,3300,6.66847999999998,12.5947899268954
