"","solver","n","p","time","sdTime"
"1","Solve",5000,100,0.00175000000000002,0.00358553491212403
