"","solver","n","p","time","sdTime"
"1","Solve",3100,5000,7.99004999999999,7.14804544221281
