"","solver","n","p","time","sdTime"
"1","Solve",3900,5000,7.92817000000001,8.72133781792934
