"","solver","n","p","time","sdTime"
"1","Solve",4400,5000,9.51052999999999,9.80935746560292
