"","solver","n","p","time","sdTime"
"1","Solve",4100,5000,8.25885000000001,7.72190849175581
