"","solver","n","p","time","sdTime"
"1","Solve",5000,500,0.0590299999999999,0.322350002859368
