"","solver","n","p","time","sdTime"
"1","Solve",5000,300,0.00797000000000002,0.00696231559065232
