"","solver","n","p","time","sdTime"
"1","Solve",3600,5000,8.08415000000001,8.05142931708277
