"","solver","n","p","time","sdTime"
"1","Solve",2000,5000,8.93810000000001,10.7216183013573
