"","solver","n","p","time","sdTime"
"1","Solve",1100,5000,8.21634000000001,6.20159888347474
