"","solver","n","p","time","sdTime"
"1","Solve",5000,700,0.0614900000000001,0.0532424405408642
