"","solver","n","p","time","sdTime"
"1","Solve",4800,5000,6.73697999999999,3.02449176289809
