"","solver","n","p","time","sdTime"
"1","Solve",5000,1100,0.418499999999999,2.73117091661389
