"","solver","n","p","time","sdTime"
"1","Solve",5000,4700,7.41915000000001,8.09449521810092
