"","solver","n","p","time","sdTime"
"1","Solve",5000,600,0.0419300000000003,0.0503081925974712
