"","solver","n","p","time","sdTime"
"1","Solve",5000,1000,0.481909999999999,2.61279503614598
