"","solver","n","p","time","sdTime"
"1","Solve",1400,5000,8.31064000000001,8.18404792969564
