"","solver","n","p","time","sdTime"
"1","Solve",5000,200,0.00357000000000001,0.00260246580819583
