"","solver","n","p","time","sdTime"
"1","Solve",700,5000,9.13605000000001,8.25069933170038
