"","solver","n","p","time","sdTime"
"1","Solve",5000,3900,4.49551000000001,6.37467576120582
