"","solver","n","p","time","sdTime"
"1","Solve",4300,5000,7.18058999999999,4.7180814434439
