"","solver","n","p","time","sdTime"
"1","Solve",1300,5000,6.72274000000001,3.02117790133503
