"","solver","n","p","time","sdTime"
"1","Solve",4700,5000,7.89365000000002,6.05261253447006
