solver,n,p,time,sd
SciPy Solve,800,5000,8.958490677129998,0.019134885966057124
