solver,n,p,time,sd
SciPy Solve,2650,5000,8.916853280120002,0.006718596737281209
