solver,n,p,time,sd
SciPy Solve,4900,4900,2.1546704939500008,0.0176594303430852
