solver,n,p,time,sd
SciPy Solve,2100,5000,8.967016164740002,0.018666318482081536
