solver,n,p,time,sd
SciPy Solve,2450,5000,2.2043602210600017,0.047635392189184604
