solver,n,p,time,sd
SciPy Solve,5000,2000,0.5961181550399999,0.0037830365545913755
