solver,n,p,time,sd
SciPy Solve,3100,5000,8.971701702360006,0.01326668839145461
