solver,n,p,time,sd
SciPy Solve,3750,5000,8.9377531479,0.040377907485903815
