solver,n,p,time,sd
SciPy Solve,3150,5000,2.4721134593400005,0.06881828458693763
