solver,n,p,time,sd
SciPy Solve,600,5000,8.958491882000006,0.016960323713520513
