solver,n,p,time,sd
SciPy Solve,5000,3600,3.4152053840799947,0.014909865610387348
