solver,n,p,time,sd
SciPy Solve,5000,1500,0.2557702848799996,0.0014482221714580818
