solver,n,p,time,sd
SciPy Solve,5000,4700,1.9722869195300006,0.0687156993024727
