solver,n,p,time,sd
SciPy Solve,150,150,0.0004344717900000006,2.923678172962839e-05
