solver,n,p,time,sd
SciPy Solve,5000,1300,0.057974828600000236,0.002275251606689024
