solver,n,p,time,sd
SciPy Solve,5000,3650,3.585112489509996,0.024425653762028113
