solver,n,p,time,sd
SciPy Solve,5000,4200,1.37076191392,0.02479014957353322
