solver,n,p,time,sd
SciPy Solve,4750,4750,2.0440301228300015,0.016698372843226533
