solver,n,p,time,sd
SciPy Solve,1650,1650,0.35072010496000006,0.00851985698110519
