solver,n,p,time,sd
SciPy Solve,5000,4000,4.652811310469998,0.005850337627355808
