solver,n,p,time,sd
SciPy Solve,1950,1950,0.19693245218999997,0.016652092665736896
