solver,n,p,time,sd
SciPy Solve,3900,5000,8.931969934250002,0.033389668590993654
