solver,n,p,time,sd
SciPy Solve,4550,4550,1.6667269109199991,0.030116813375381867
