solver,n,p,time,sd
SciPy Solve,3750,3750,1.0537320655199973,0.03027032367266441
