solver,n,p,time,sd
SciPy Solve,5000,1850,0.4738163038799998,0.0016855260872773046
