solver,n,p,time,sd
SciPy Solve,5000,1250,0.05389401841000007,0.0020531288336583364
