solver,n,p,time,sd
SciPy Solve,4400,4400,1.5682564940100001,0.02396214911726583
