solver,n,p,time,sd
SciPy Solve,4050,5000,8.946996932739996,0.023372216028897212
