solver,n,p,time,sd
SciPy Solve,300,5000,8.96009575085,0.012219901910524867
