solver,n,p,time,sd
SciPy Solve,5000,3450,0.8143964711200011,0.010249570559101381
