solver,n,p,time,sd
SciPy Solve,3100,3100,0.6163697480400002,0.011248408936703104
