solver,n,p,time,sd
SciPy Solve,100,100,0.00018137069999999756,2.584916147440915e-05
