solver,n,p,time,sd
SciPy Solve,2650,2650,1.3916056923100002,0.0036438661681782716
