solver,n,p,time,sd
SciPy Solve,5000,2500,1.1684117430000007,0.0035127205011019035
