solver,n,p,time,sd
SciPy Solve,5000,2450,1.1068055169799986,0.004344349563188044
