solver,n,p,time,sd
SciPy Solve,2500,2500,0.3477503004700001,0.007902344888857675
