solver,n,p,time,sd
SciPy Solve,5000,2100,0.21181728965999994,0.002447967212314682
