solver,n,p,time,sd
SciPy Solve,5000,1050,0.03292063012000003,0.0021671498801961414
