solver,n,p,time,sd
SciPy Solve,700,5000,2.267501709789999,0.05458734358307838
