solver,n,p,time,sd
SciPy Solve,5000,3750,3.8549729353600024,0.025868896906131065
