solver,n,p,time,sd
SciPy Solve,3500,5000,2.2061754761500008,0.04394066612822803
