solver,n,p,time,sd
SciPy Solve,5000,2800,1.624398113399998,0.0037715600212617586
