solver,n,p,time,sd
SciPy Solve,250,250,0.0010217516700000012,6.260711792584805e-05
