solver,n,p,time,sd
SciPy Solve,2350,2350,0.5833417671000003,0.0028786169595207494
