solver,n,p,time,sd
SciPy Solve,5000,700,0.012104330010000037,0.0003390872561728242
