solver,n,p,time,sd
SciPy Solve,5000,4900,8.555334309620005,0.027226308413695714
