solver,n,p,time,sd
SciPy Solve,5000,1400,0.20865278135000068,0.0008151874419844432
