solver,n,p,time,sd
SciPy Solve,3650,5000,2.213418814360001,0.02082689099388794
