solver,n,p,time,sd
SciPy Solve,5000,1000,0.027543268530000047,0.0008210981919649557
