solver,n,p,time,sd
SciPy Solve,200,5000,2.2822400275800003,0.05131578244025243
