solver,n,p,time,sd
SciPy Solve,1150,1150,0.11849166942999999,0.0008322686634865539
