solver,n,p,time,sd
SciPy Solve,100,5000,8.944108692759997,0.00950098589543721
