solver,n,p,time,sd
SciPy Solve,3800,3800,3.9779314095799987,0.008157633901364855
