solver,n,p,time,sd
SciPy Solve,2200,2200,0.22730427817000026,0.004657922454147373
