solver,n,p,time,sd
SciPy Solve,3950,3950,4.5184618286899925,0.012084133971796132
