solver,n,p,time,sd
SciPy Solve,4050,4050,1.3353595383199988,0.013293135343708821
