solver,n,p,time,sd
SciPy Solve,1800,1800,0.13841222515999987,0.0030605519844183597
