solver,n,p,time,sd
SciPy Solve,3550,3550,0.9113492531699993,0.009210401706795731
