solver,n,p,time,sd
SciPy Solve,3650,3650,0.9820941537500009,0.012772839509850926
