solver,n,p,time,sd
SciPy Solve,3050,3050,0.6087805517899991,0.01835889917384889
