solver,n,p,time,sd
SciPy Solve,5000,4350,1.5980371864599994,0.05191645071157138
