solver,n,p,time,sd
SciPy Solve,3200,3200,0.7044886196099998,0.014552599676423278
