solver,n,p,time,sd
SciPy Solve,1900,1900,0.1665604115399998,0.002833397963714269
