solver,n,p,time,sd
SciPy Solve,5000,4250,1.4581848211599988,0.037938420886737136
