solver,n,p,time,sd
SciPy Solve,5000,1450,0.23141465308999953,0.0012415950711715947
