solver,n,p,time,sd
SciPy Solve,5000,2050,0.20098579822999996,0.0019812527594114558
