solver,n,p,time,sd
SciPy Solve,800,800,0.04272920846000007,0.0003934289001431821
