solver,n,p,time,sd
SciPy Solve,750,5000,2.287579992429999,0.0627793869795277
