solver,n,p,time,sd
SciPy Solve,3600,5000,2.203680868640002,0.020209985651921527
