solver,n,p,time,sd
SciPy Solve,5000,3400,2.868083112380006,0.013953565892288565
