solver,n,p,time,sd
SciPy Solve,1850,1850,0.48173884334999967,0.00413844905212219
