solver,n,p,time,sd
SciPy Solve,5000,4650,7.344827313470002,0.02423078391606492
