solver,n,p,time,sd
SciPy Solve,1550,1550,0.09831450631000013,0.002572354260562724
