solver,n,p,time,sd
SciPy Solve,5000,3800,3.9619971130100016,0.01604675018460134
