solver,n,p,time,sd
SciPy Solve,3350,3350,2.7503516175000002,0.005593291225736086
