solver,n,p,time,sd
SciPy Solve,5000,300,0.0015028556900000428,0.00014703485333726892
