solver,n,p,time,sd
SciPy Solve,1050,5000,9.032392528150002,0.01924405783158543
