solver,n,p,time,sd
SciPy Solve,2100,2100,0.21614467605000015,0.004362366684079216
