solver,n,p,time,sd
SciPy Solve,5000,4500,6.704547115109986,0.021364138437240186
