solver,n,p,time,sd
SciPy Solve,2250,2250,0.27350313515999963,0.0038125652870476434
