solver,n,p,time,sd
SciPy Solve,5000,4950,8.806931412960004,0.03044426634215861
