solver,n,p,time,sd
SciPy Solve,4250,5000,8.953779729410007,0.01562735633886869
