solver,n,p,time,sd
SciPy Solve,4950,4950,2.2652276451399995,0.018061156815297286
