solver,n,p,time,sd
SciPy Solve,2200,5000,8.968080873579995,0.019414922735504096
