solver,n,p,time,sd
SciPy Solve,5000,1800,0.4341089350300016,0.0015981407588345254
