solver,n,p,time,sd
SciPy Solve,2300,5000,8.940369607440005,0.006981375455849691
