solver,n,p,time,sd
SciPy Solve,5000,2650,1.3735306493699972,0.005349781915604125
