solver,n,p,time,sd
SciPy Solve,2400,5000,8.975375423840003,0.011897568902522162
