solver,n,p,time,sd
SciPy Solve,1500,5000,2.2897731841700004,0.05217418682200074
