solver,n,p,time,sd
SciPy Solve,4600,5000,8.905802905800002,0.011874343120729668
