solver,n,p,time,sd
SciPy Solve,2700,5000,8.908733702130007,0.005577886600857672
