solver,n,p,time,sd
SciPy Solve,5000,2700,1.4508400299799995,0.0065374639586219365
