solver,n,p,time,sd
SciPy Solve,2250,5000,8.924459101829996,0.010636087483848023
