solver,n,p,time,sd
SciPy Solve,2600,2600,0.4082372056800001,0.0042633080763219
