solver,n,p,time,sd
SciPy Solve,4350,5000,8.946605022029999,0.019783042320939703
