solver,n,p,time,sd
SciPy Solve,1250,1250,0.15060225772999977,0.0009104665762640391
