solver,n,p,time,sd
SciPy Solve,4650,5000,8.921665069640007,0.008237499622940826
