solver,n,p,time,sd
SciPy Solve,5000,4750,7.818429459260005,0.025452487240873164
