solver,n,p,time,sd
SciPy Solve,2700,2700,0.42120111595999965,0.021506042982056196
