solver,n,p,time,sd
SciPy Solve,4650,4650,7.250686757660002,0.02182500193175358
