solver,n,p,time,sd
SciPy Solve,950,5000,2.289992702260003,0.06145401967134462
