solver,n,p,time,sd
SciPy Solve,350,350,0.004249782300000008,6.196375912023299e-05
