solver,n,p,time,sd
SciPy Solve,5000,2400,1.0415588172299999,0.003498372681979456
