solver,n,p,time,sd
SciPy Solve,2900,2900,1.8319002028299993,0.02411050691989217
