solver,n,p,time,sd
SciPy Solve,750,750,0.03474140671999993,0.00042166748744278603
