solver,n,p,time,sd
SciPy Solve,900,900,0.022850869209999992,0.0010932357752234342
