solver,n,p,time,sd
SciPy Solve,1900,5000,8.988874696500003,0.0178918428775045
