solver,n,p,time,sd
SciPy Solve,500,500,0.011427263179999982,0.000246634426305044
