solver,n,p,time,sd
SciPy Solve,5000,3100,2.2051505030500045,0.010506564334284955
