solver,n,p,time,sd
SciPy Solve,5000,100,0.0002112510600000017,2.6458587822412148e-05
