solver,n,p,time,sd
SciPy Solve,900,5000,8.923955345190002,0.02528051187658088
