solver,n,p,time,sd
SciPy Solve,1200,5000,9.025884585880004,0.021309779728427826
