solver,n,p,time,sd
SciPy Solve,2950,5000,2.2869001086799967,0.0373229371896285
