solver,n,p,time,sd
SciPy Solve,1450,5000,2.24772674223,0.06409932370701195
