solver,n,p,time,sd
SciPy Solve,4300,5000,8.901277003200008,0.02655976852790536
