solver,n,p,time,sd
SciPy Solve,1300,1300,0.16831886982999994,0.0011137289250014342
