solver,n,p,time,sd
SciPy Solve,3800,5000,8.9507950018,0.04272741890870481
