solver,n,p,time,sd
SciPy Solve,5000,2550,0.3694902870800004,0.008662827773606765
