solver,n,p,time,sd
SciPy Solve,2900,5000,2.48398355708,0.07183774833382776
