solver,n,p,time,sd
SciPy Solve,4550,5000,8.913974998000008,0.009850504144957414
