solver,n,p,time,sd
SciPy Solve,1000,1000,0.02949456172000004,0.0014464484140925705
