solver,n,p,time,sd
SciPy Solve,5000,4800,8.10526944591,0.019522279369447892
