solver,n,p,time,sd
SciPy Solve,1850,5000,8.984416878329997,0.014818736914940154
