solver,n,p,time,sd
SciPy Solve,1450,1450,0.23726668395999972,0.0018391681560310674
