solver,n,p,time,sd
SciPy Solve,5000,4050,4.838699203130009,0.009778018561435535
