solver,n,p,time,sd
SciPy Solve,5000,650,0.022862815899999993,9.784304442453888e-05
