solver,n,p,time,sd
SciPy Solve,850,5000,8.964977294530005,0.017373251490014795
