solver,n,p,time,sd
SciPy Solve,1650,5000,8.989252219460003,0.0178037446685551
