solver,n,p,time,sd
SciPy Solve,5000,4100,5.0582180649099975,0.027689639834033872
