solver,n,p,time,sd
SciPy Solve,2050,2050,0.6935600944300012,0.011448571539016067
