solver,n,p,time,sd
SciPy Solve,4300,4300,1.6098154654500012,0.010407617123163055
