solver,n,p,time,sd
SciPy Solve,2750,5000,8.90985922717001,0.006064509204400598
