solver,n,p,time,sd
SciPy Solve,3450,3450,2.996893629180006,0.005802946288680902
