solver,n,p,time,sd
SciPy Solve,1600,1600,0.3139945587999997,0.0017941150287888708
