solver,n,p,time,sd
SciPy Solve,2800,2800,1.6385876997000008,0.004852365233534323
