solver,n,p,time,sd
SciPy Solve,5000,3150,2.311280325010001,0.009939752098004805
