solver,n,p,time,sd
SciPy Solve,5000,1600,0.31069239549999983,0.0019038513766341163
