solver,n,p,time,sd
SciPy Solve,2850,2850,1.7395646394200002,0.023105882758019333
