solver,n,p,time,sd
SciPy Solve,5000,2750,1.548164718610002,0.005726011635171432
