solver,n,p,time,sd
SciPy Solve,3850,5000,8.921992686319985,0.03237743980300483
