solver,n,p,time,sd
SciPy Solve,1300,5000,8.995698752240006,0.020973750829607764
