solver,n,p,time,sd
SciPy Solve,4500,4500,1.6410594481999994,0.027282236361914854
