solver,n,p,time,sd
SciPy Solve,3350,5000,8.974777177729996,0.031045193964653175
