solver,n,p,time,sd
SciPy Solve,700,700,0.011487316129999986,0.0005860387277014027
