solver,n,p,time,sd
SciPy Solve,2400,2400,0.6205620148399998,0.00822365929307977
