solver,n,p,time,sd
SciPy Solve,2050,5000,2.261236936360001,0.050539796040013234
