solver,n,p,time,sd
SciPy Solve,4200,5000,2.2734413527200035,0.029973071946461625
