solver,n,p,time,sd
SciPy Solve,5000,3000,0.5526842575900004,0.014540021766924777
