solver,n,p,time,sd
SciPy Solve,5000,2850,1.7163522397700042,0.00605759554141413
