solver,n,p,time,sd
SciPy Solve,3700,5000,8.942944414219996,0.04063649967592373
