solver,n,p,time,sd
SciPy Solve,1750,5000,8.992664613739997,0.019331992475161396
