solver,n,p,time,sd
SciPy Solve,5000,1900,0.5115608200500005,0.0024589710438459324
