solver,n,p,time,sd
SciPy Solve,450,450,0.004302210319999994,0.0003264000459827478
