solver,n,p,time,sd
SciPy Solve,3950,5000,8.92784701718,0.036476177050627286
