solver,n,p,time,sd
SciPy Solve,5000,600,0.018340880419999935,0.00029650243658789553
