solver,n,p,time,sd
SciPy Solve,3600,3600,0.994346583,0.035256849537085536
