solver,n,p,time,sd
SciPy Solve,5000,1550,0.2811396794799995,0.0014006995025635518
