solver,n,p,time,sd
SciPy Solve,2350,5000,8.94383274359001,0.006130593825309826
