solver,n,p,time,sd
SciPy Solve,400,400,0.006429047020000023,0.00021887217744861036
