solver,n,p,time,sd
SciPy Solve,150,5000,8.932588065669998,0.00960208995856929
