solver,n,p,time,sd
SciPy Solve,3000,5000,2.176951722020001,0.051614152992604495
