solver,n,p,time,sd
SciPy Solve,3400,3400,2.852182928129995,0.006594613851495922
