solver,n,p,time,sd
SciPy Solve,5000,3350,2.782947532209998,0.019683933797964924
