solver,n,p,time,sd
SciPy Solve,4400,5000,8.943624898979984,0.028641974254116825
