solver,n,p,time,sd
SciPy Solve,2300,2300,0.2874285856999998,0.0038345675835310842
