solver,n,p,time,sd
SciPy Solve,550,5000,8.956829432630004,0.017094640802393722
