solver,n,p,time,sd
SciPy Solve,5000,4150,1.3431576660700022,0.027370464927188833
