solver,n,p,time,sd
SciPy Solve,4000,5000,8.945530845209985,0.024046429244734293
