solver,n,p,time,sd
SciPy Solve,850,850,0.05008837076000005,0.00039697129386221796
