solver,n,p,time,sd
SciPy Solve,5000,150,0.0003809745600000042,3.228341522278176e-05
