solver,n,p,time,sd
SciPy Solve,1400,1400,0.2074092890100001,0.0014395823043686158
