solver,n,p,time,sd
SciPy Solve,500,5000,8.992849777760002,0.013146742460381576
