solver,n,p,time,sd
SciPy Solve,1800,5000,8.97875255563,0.016829248915743063
