solver,n,p,time,sd
SciPy Solve,1000,5000,2.2967582266600006,0.06517617594801786
