solver,n,p,time,sd
SciPy Solve,5000,450,0.008033148569999864,0.00011833978209693162
