solver,n,p,time,sd
SciPy Solve,5000,3250,2.5334259825099945,0.011748523329637625
