solver,n,p,time,sd
SciPy Solve,5000,350,0.002270478909999973,0.00017580827253272692
