solver,n,p,time,sd
SciPy Solve,1350,5000,2.2651756014500006,0.0434254880313127
