solver,n,p,time,sd
SciPy Solve,2150,5000,8.924347847719998,0.01013083705052156
