solver,n,p,time,sd
SciPy Solve,1150,5000,9.006052942360004,0.01666050281778146
