solver,n,p,time,sd
SciPy Solve,5000,3050,0.5953824799599987,0.012466453896096973
