solver,n,p,time,sd
SciPy Solve,1700,5000,8.991813338899995,0.01556342431044505
