solver,n,p,time,sd
SciPy Solve,600,600,0.018669894860000015,0.0004152823569073615
