solver,n,p,time,sd
SciPy Solve,5000,2350,0.2983467587299996,0.007926319650377668
