solver,n,p,time,sd
SciPy Solve,5000,4300,1.4998391793700006,0.04244985288892912
