solver,n,p,time,sd
SciPy Solve,5000,850,0.049458812860000166,0.0003318283237287452
