solver,n,p,time,sd
SciPy Solve,5000,4450,6.480258017489998,0.016918894814624504
