solver,n,p,time,sd
SciPy Solve,50,5000,8.977773831499999,0.012577554761134303
