solver,n,p,time,sd
SciPy Solve,350,5000,8.96645027038,0.012071282335867522
