solver,n,p,time,sd
SciPy Solve,2450,2450,0.44497399755999995,0.01141942006699791
