solver,n,p,time,sd
SciPy Solve,2750,2750,1.5613578886099992,0.004768669423136779
