solver,n,p,time,sd
SciPy Solve,1100,5000,9.027202451210004,0.021115813200781965
