solver,n,p,time,sd
SciPy Solve,2550,2550,0.3750373117899993,0.005202459353841776
