solver,n,p,time,sd
SciPy Solve,4100,4100,2.9851174427399987,0.014978480947430825
