solver,n,p,time,sd
SciPy Solve,5000,550,0.0069980585199999785,0.00036760257683389117
