solver,n,p,time,sd
SciPy Solve,5000,2900,1.8022467551400008,0.0067087327655384905
