solver,n,p,time,sd
SciPy Solve,3300,5000,8.99987467493999,0.03398235283766768
