solver,n,p,time,sd
SciPy Solve,1050,1050,0.032335027159999995,0.001049873369740891
