solver,n,p,time,sd
SciPy Solve,3250,3250,0.6789799480399994,0.018325338024444353
