solver,n,p,time,sd
SciPy Solve,5000,3500,0.8441993595999989,0.012204187343968026
