solver,n,p,time,sd
SciPy Solve,5000,2200,0.25042471535999977,0.006547332342099634
