solver,n,p,time,sd
SciPy Solve,250,5000,2.3309563909700013,0.049474799139581936
