solver,n,p,time,sd
SciPy Solve,950,950,0.07406981483000004,0.0008292076865495405
