solver,n,p,time,sd
SciPy Solve,550,550,0.014759966540000002,0.00031424575234205004
