solver,n,p,time,sd
SciPy Solve,3400,5000,8.976775043219998,0.0310438628744153
