solver,n,p,time,sd
SciPy Solve,1600,5000,8.960630777360004,0.00712650212597818
