solver,n,p,time,sd
SciPy Solve,4100,5000,8.948373604169996,0.025659843501068355
