solver,n,p,time,sd
SciPy Solve,650,5000,8.958337464620003,0.016657522219806816
