solver,n,p,time,sd
SciPy Solve,5000,1100,0.03713804144000008,0.0012040914921916392
