solver,n,p,time,sd
SciPy Solve,650,650,0.009948227459999993,0.000574711297913108
