solver,n,p,time,sd
SciPy Solve,3500,3500,3.12728268901,0.008343405101542004
