solver,n,p,time,sd
SciPy Solve,1500,1500,0.2612467092300001,0.002294463013528519
