solver,n,p,time,sd
SciPy Solve,5000,50,0.00011733519999999997,0.0001347822312602812
