solver,n,p,time,sd
SciPy Solve,3200,5000,2.364887874909998,0.015327354441742562
