solver,n,p,time,sd
SciPy Solve,1950,5000,8.985996287370003,0.017228627024711327
