solver,n,p,time,sd
SciPy Solve,3850,3850,4.198131105300007,0.04393505363503893
