solver,n,p,time,sd
SciPy Solve,2600,5000,8.972077716079994,0.010803933026696114
