solver,n,p,time,sd
SciPy Solve,5000,2300,0.2783036398499995,0.007187623848231221
