solver,n,p,time,sd
SciPy Solve,4350,4350,1.6764659807399989,0.013764933575091051
