solver,n,p,time,sd
SciPy Solve,5000,1150,0.0420663768499999,0.0013728537710434286
