solver,n,p,time,sd
SciPy Solve,5000,3200,2.4599883534100018,0.00721301617777152
