solver,n,p,time,sd
SciPy Solve,3150,3150,0.6445343475599998,0.012609158544099231
