solver,n,p,time,sd
SciPy Solve,3000,3000,0.5710641073000001,0.012608115330029113
