solver,n,p,time,sd
SciPy Solve,5000,3700,3.737135797609998,0.025099270298949403
