solver,n,p,time,sd
SciPy Solve,1400,5000,2.2417256928200002,0.06652809529135653
