solver,n,p,time,sd
SciPy Solve,2150,2150,0.22051667051000007,0.004687640538420026
