solver,n,p,time,sd
SciPy Solve,4700,4700,2.135652328980002,0.13738798281160555
