solver,n,p,time,sd
SciPy Solve,5000,500,0.005153894059999997,0.00019209101166671656
