solver,n,p,time,sd
SciPy Solve,1350,1350,0.1879247871800002,0.0011503841075340654
