solver,n,p,time,sd
SciPy Solve,1550,5000,9.024219356369995,0.015379071476510735
