solver,n,p,time,sd
SciPy Solve,450,5000,8.95607856037,0.006082832867529182
