solver,n,p,time,sd
SciPy Solve,5000,1700,0.11489423414999962,0.002967782567811206
