solver,n,p,time,sd
SciPy Solve,5000,1350,0.18878878627000012,0.0009950788442692996
