solver,n,p,time,sd
SciPy Solve,5000,1750,0.4054522646299998,0.001648652717246282
