solver,n,p,time,sd
SciPy Solve,5000,1200,0.04682577545999999,0.0030981402691794327
