solver,n,p,time,sd
SciPy Solve,5000,4600,7.021483333460003,0.017326233424507256
