solver,n,p,time,sd
SciPy Solve,3300,3300,2.6304862829399953,0.006162517799974845
