solver,n,p,time,sd
SciPy Solve,5000,3850,1.0603810719800006,0.02266385293923186
