solver,n,p,time,sd
SciPy Solve,300,300,0.0028201884500000025,5.993375555551104e-05
