solver,n,p,time,sd
SciPy Solve,4450,4450,1.6186138391000027,0.024842862436491385
