solver,n,p,time,sd
SciPy Solve,5000,3950,4.548299132979995,0.0199116293731633
