solver,n,p,time,sd
SciPy Solve,5000,2600,1.3008223476799967,0.0034552848065826152
