solver,n,p,time,sd
SciPy Solve,5000,1950,0.5516367563199996,0.0022207351036071196
