solver,n,p,time,sd
SciPy Solve,5000,4550,6.909869100069998,0.022473168790307148
