solver,n,p,time,sd
SciPy Solve,4600,4600,1.7168822480999995,0.03303484082438714
