solver,n,p,time,sd
SciPy Solve,5000,1650,0.11326449517000016,0.005205629308979323
