solver,n,p,time,sd
SciPy Solve,3050,5000,8.999175127640003,0.02959650222106989
