solver,n,p,time,sd
SciPy Solve,5000,2950,1.8975306292800014,0.006499705083357113
