solver,n,p,time,sd
SciPy Solve,1250,5000,9.002366475319988,0.018466124414930243
