solver,n,p,time,sd
SciPy Solve,2850,5000,8.90683694923999,0.006056882775446852
