solver,n,p,time,sd
SciPy Solve,2000,5000,2.221379740939998,0.06381748548891986
