solver,n,p,time,sd
SciPy Solve,2950,2950,1.9136869889899981,0.004727272021917322
