solver,n,p,time,sd
SciPy Solve,5000,950,0.06838258728000005,0.0004034396729458613
