solver,n,p,time,sd
SciPy Solve,50,50,6.959259000000273e-05,2.6751801438067215e-05
