solver,n,p,time,sd
SciPy Solve,3900,3900,4.356750493779998,0.010674095832564172
