solver,n,p,time,sd
SciPy Solve,3700,3700,3.749886472889998,0.041513750395899725
