solver,n,p,time,sd
SciPy Solve,4850,4850,2.10621421719,0.017770120089929793
