solver,n,p,time,sd
SciPy Solve,5000,900,0.0580437051799998,0.0005199056705822888
