solver,n,p,time,sd
SciPy Solve,5000,2250,0.27043461387999995,0.012445780979255227
