solver,n,p,time,sd
SciPy Solve,2800,5000,8.916577351849998,0.00775174874842639
