solver,n,p,time,sd
SciPy Solve,4250,4250,1.4984591190900003,0.018553514245790857
