solver,n,p,time,sd
SciPy Solve,5000,4400,1.577539642399999,0.03735421758631253
