solver,n,p,time,sd
SciPy Solve,5000,400,0.006020465279999981,9.347287838898625e-05
