solver,n,p,time,sd
SciPy Solve,4500,5000,8.905985048489995,0.007603154125574105
