solver,n,p,time,sd
SciPy Solve,5000,3550,3.3062447871299994,0.02344939426326113
