solver,n,p,time,sd
SciPy Solve,4150,4150,5.224446916920004,0.07322491352766494
