solver,n,p,time,sd
SciPy Solve,5000,2150,0.2376940116200005,0.0073003186397611695
