solver,n,p,time,sd
SciPy Solve,4450,5000,8.9043078181,0.008946240894639176
