solver,n,p,time,sd
SciPy Solve,5000,800,0.015571611150000043,0.0006894224004311598
