solver,n,p,time,sd
SciPy Solve,5000,200,0.0006501645199999856,5.877600394641931e-05
