solver,n,p,time,sd
SciPy Solve,3250,5000,8.961670497020002,0.019532536889266813
