solver,n,p,time,sd
SciPy Solve,4200,4200,1.3452237297399978,0.022100481943457127
