solver,n,p,time,sd
SciPy Solve,5000,750,0.013660620090000027,0.0005313905266967684
