solver,n,p,time,sd
SciPy Solve,400,5000,8.936825066090002,0.01099343711099497
