solver,n,p,time,sd
SciPy Solve,3450,5000,2.2016734596800016,0.043778845157748235
