solver,n,p,time,sd
SciPy Solve,2000,2000,0.1825254430599999,0.002936946481123829
