solver,n,p,time,sd
SciPy Solve,4000,4000,1.3630346665099995,0.06333732918532646
