solver,n,p,time,sd
SciPy Solve,1100,1100,0.03554861570999995,0.0012815662632123354
