solver,n,p,time,sd
SciPy Solve,5000,4850,8.290166270110005,0.02263527864066466
