solver,n,p,time,sd
SciPy Solve,2500,5000,8.975496944839996,0.009993681238622851
