solver,n,p,time,sd
SciPy Solve,4150,5000,8.955884909809997,0.014471808208433556
