solver,n,p,time,sd
SciPy Solve,3550,5000,2.2868258657099987,0.04158070536028521
