solver,n,p,time,sd
SciPy Solve,5000,3300,2.652922406900001,0.013052277859651245
