solver,n,p,time,sd
SciPy Solve,2550,5000,8.97393433911,0.009982682800727016
