solver,n,p,time,sd
SciPy Solve,1200,1200,0.13435951293999998,0.0006713864191909224
