solver,n,p,time,sd
SciPy Solve,5000,250,0.001054027660000002,0.00010158064549934216
