solver,n,p,time,sd
SciPy Solve,200,200,0.0005797160200000007,4.39980023037357e-05
