solver,n,p,time,sd
SciPy Solve,1700,1700,0.3731631153200004,0.0021767014900549355
