solver,n,p,time,sd
SciPy Solve,5000,3900,1.1486793629800007,0.032572521177295664
