solver,n,p,time,sd
SciPy Solve,4800,4800,4.7920936889900005,0.05209041106720096
