solver,n,p,time,sd
SciPy Solve,1750,1750,0.12923851349,0.003045698074370075
