solver,n,p,time,sd
NumPy Solve,2150,2150,0.18158352167999975,0.0026395309352907352
