solver,n,p,time,sd
NumPy Solve,600,600,0.01615295738000003,0.00023692554579304392
