solver,n,p,time,sd
NumPy Solve,4700,4700,1.7612179012699982,0.05534081097541802
