solver,n,p,time,sd
NumPy Solve,5000,3500,0.7094158792799995,0.01402994891936897
