solver,n,p,time,sd
NumPy Solve,950,950,0.06551223694000004,0.0005972617233881924
