solver,n,p,time,sd
NumPy Solve,5000,3450,0.6841544232400005,0.013964623131655628
