solver,n,p,time,sd
NumPy Solve,4600,5000,8.67586283635999,0.012838876198747433
