solver,n,p,time,sd
NumPy Solve,5000,3200,2.3234839411500032,0.0036963324085593227
