solver,n,p,time,sd
NumPy Solve,3650,3650,0.8351979737499992,0.004351086398364523
