solver,n,p,time,sd
NumPy Solve,1650,5000,8.736626907599993,0.014407700862085203
