solver,n,p,time,sd
NumPy Solve,1200,5000,2.0002369117800005,0.05442430231962378
