solver,n,p,time,sd
NumPy Solve,3100,5000,8.691116233590002,0.018623430144459833
