solver,n,p,time,sd
NumPy Solve,100,5000,8.70688141967,0.007326130087843582
