solver,n,p,time,sd
NumPy Solve,5000,3100,2.1081357716199993,0.007707985410565562
