solver,n,p,time,sd
NumPy Solve,2750,5000,8.677340911599996,0.002280395234310539
