solver,n,p,time,sd
NumPy Solve,1850,1850,0.4481701682600003,0.001985900605465908
