solver,n,p,time,sd
NumPy Solve,5000,350,0.0014010110400000052,5.452446130459861e-05
