solver,n,p,time,sd
NumPy Solve,1200,1200,0.12381972625000018,0.0005496384817593622
