solver,n,p,time,sd
NumPy Solve,550,550,0.012543012079999995,0.0001863313362110725
