solver,n,p,time,sd
NumPy Solve,1550,5000,8.760333566320003,0.009932300377583898
