solver,n,p,time,sd
NumPy Solve,5000,650,0.020098830350000187,8.362107278821432e-05
