solver,n,p,time,sd
NumPy Solve,450,450,0.00274727886,0.0003741338610510385
