solver,n,p,time,sd
NumPy Solve,2050,2050,0.17250976397000023,0.001678634920917895
