solver,n,p,time,sd
NumPy Solve,650,5000,8.719756559150005,0.014663604963029436
