solver,n,p,time,sd
NumPy Solve,4150,4150,1.104068435709999,0.017035329378126927
