solver,n,p,time,sd
NumPy Solve,1950,5000,8.720189658690009,0.010833529474793501
