solver,n,p,time,sd
NumPy Solve,1350,5000,8.712039383399997,0.005818758332408101
