solver,n,p,time,sd
NumPy Solve,5000,2350,0.23509108458999953,0.008378338895797019
