solver,n,p,time,sd
NumPy Solve,4500,5000,8.676756681930005,0.015992784703931746
