solver,n,p,time,sd
NumPy Solve,4450,4450,1.4419500878899993,0.04948175694185329
