solver,n,p,time,sd
NumPy Solve,3350,3350,2.638947704000003,0.0010033312477980834
