solver,n,p,time,sd
NumPy Solve,2250,2250,0.806131333829999,0.0020430330120402205
