solver,n,p,time,sd
NumPy Solve,5000,3000,0.45867196931000115,0.005230965299261665
