solver,n,p,time,sd
NumPy Solve,2900,5000,8.806347590180007,0.022250963772174392
