solver,n,p,time,sd
NumPy Solve,2650,2650,0.3320869926899998,0.003956005725347137
