solver,n,p,time,sd
NumPy Solve,5000,200,0.0004231623500000004,3.874488358826335e-05
