solver,n,p,time,sd
NumPy Solve,5000,3150,2.2067396510400004,0.0068334439119357255
