solver,n,p,time,sd
NumPy Solve,5000,500,0.00339638828,0.00014043115563158758
