solver,n,p,time,sd
NumPy Solve,500,500,0.009579450820000007,0.00030322188773465245
