solver,n,p,time,sd
NumPy Solve,3300,5000,8.73227161082,0.0254754019957663
