solver,n,p,time,sd
NumPy Solve,4250,4250,1.3236992122000002,0.010464273984925629
