solver,n,p,time,sd
NumPy Solve,2350,2350,0.9429987986500009,0.0035268497939948537
