solver,n,p,time,sd
NumPy Solve,5000,3600,3.2738901599599957,0.00936264721001031
