solver,n,p,time,sd
NumPy Solve,4700,5000,1.94052222896,0.027194759627148325
