solver,n,p,time,sd
NumPy Solve,5000,1700,0.09404499210999993,0.002802462200325609
