solver,n,p,time,sd
NumPy Solve,250,5000,2.088636149090001,0.07223465923071828
