solver,n,p,time,sd
NumPy Solve,3200,3200,0.57406931122,0.011036894192360553
