solver,n,p,time,sd
NumPy Solve,1800,5000,8.716897632010012,0.010225715163588129
