solver,n,p,time,sd
NumPy Solve,150,150,0.0003060170699999998,1.3843060325850529e-05
