solver,n,p,time,sd
NumPy Solve,500,5000,8.687584186460004,0.004177178297810438
