solver,n,p,time,sd
NumPy Solve,3400,5000,8.71530239772,0.022038836170002313
