solver,n,p,time,sd
NumPy Solve,2650,5000,8.679950599060007,0.001800747193189454
