solver,n,p,time,sd
NumPy Solve,4000,5000,8.687272194610003,0.018276801201241706
