solver,n,p,time,sd
NumPy Solve,3950,3950,4.370967150420001,0.03743210489678559
