solver,n,p,time,sd
NumPy Solve,1650,1650,0.321139357669999,0.0013311955370434955
