solver,n,p,time,sd
NumPy Solve,5000,2400,0.9805042373300031,0.0011187065782901457
