solver,n,p,time,sd
NumPy Solve,5000,3550,3.1675637450199963,0.018635312150786894
