solver,n,p,time,sd
NumPy Solve,100,100,0.00010836708999999944,9.074809016279282e-06
