solver,n,p,time,sd
NumPy Solve,5000,4500,6.417791370770007,0.00838815099339549
