solver,n,p,time,sd
NumPy Solve,2450,2450,0.35469730978999964,0.0024814164036199983
