solver,n,p,time,sd
NumPy Solve,300,5000,8.697585346249994,0.0042781365232783955
