solver,n,p,time,sd
NumPy Solve,3900,3900,4.1973128185399995,0.0031544970115970927
