solver,n,p,time,sd
NumPy Solve,5000,3300,2.539184319450002,0.009981547336324507
