solver,n,p,time,sd
NumPy Solve,3800,5000,8.67563539706,0.005758534043241666
