solver,n,p,time,sd
NumPy Solve,5000,4900,8.307107363120005,0.01748772064887375
