solver,n,p,time,sd
NumPy Solve,2950,2950,1.8219354155800027,0.003127306676273948
