solver,n,p,time,sd
NumPy Solve,4600,4600,1.4558192589799994,0.03608897924342757
