solver,n,p,time,sd
NumPy Solve,4300,5000,8.683897176510005,0.01719622199951494
