solver,n,p,time,sd
NumPy Solve,2200,5000,8.687583743139998,0.006962977651937202
