solver,n,p,time,sd
NumPy Solve,5000,3850,0.9153650709400007,0.013499683973556276
