solver,n,p,time,sd
NumPy Solve,2000,2000,0.16834425817999993,0.004699121209749799
