solver,n,p,time,sd
NumPy Solve,3800,3800,3.8374804341199926,0.004301406600352202
