solver,n,p,time,sd
NumPy Solve,3450,5000,1.96353152291,0.01640119456488261
