solver,n,p,time,sd
NumPy Solve,250,250,0.000638811840000001,3.2116636700223884e-05
