solver,n,p,time,sd
NumPy Solve,3000,5000,1.9636972505299992,0.0389084103467616
