solver,n,p,time,sd
NumPy Solve,2500,5000,8.70301334059,0.016806917349070666
