solver,n,p,time,sd
NumPy Solve,1600,1600,0.29356671083999936,0.0016163269513075544
