solver,n,p,time,sd
NumPy Solve,5000,1050,0.025756777279999917,0.001457656104316184
