solver,n,p,time,sd
NumPy Solve,5000,900,0.052912126700000124,0.0005622416731673178
