solver,n,p,time,sd
NumPy Solve,350,350,0.0033629436000000026,5.779979315222115e-05
