solver,n,p,time,sd
NumPy Solve,5000,3800,3.827209416440004,0.009636565105419775
