solver,n,p,time,sd
NumPy Solve,5000,2600,1.2383443172899973,0.0015698797346900264
