solver,n,p,time,sd
NumPy Solve,3350,5000,8.714349110699986,0.02251782832952897
