solver,n,p,time,sd
NumPy Solve,5000,1250,0.04130999975000004,0.0015037119729308197
