solver,n,p,time,sd
NumPy Solve,350,5000,8.694553376140009,0.004256646479115059
