solver,n,p,time,sd
NumPy Solve,5000,5000,1.9143195708100011,0.02499915384841156
