solver,n,p,time,sd
NumPy Solve,5000,4650,7.106846781819997,0.019428484600153947
