solver,n,p,time,sd
NumPy Solve,5000,2000,0.5665788705800003,0.0026366939444874755
