solver,n,p,time,sd
NumPy Solve,4100,4100,2.8493964831000045,0.0059885678669055215
