solver,n,p,time,sd
NumPy Solve,700,700,0.009949699749999995,0.0011379646293338524
