solver,n,p,time,sd
NumPy Solve,5000,4400,1.3841140809000012,0.03653023134878121
