solver,n,p,time,sd
NumPy Solve,4850,4850,2.0035366416300016,0.0023897206147823927
