solver,n,p,time,sd
NumPy Solve,2700,2700,0.33060742084,0.005429101756115102
