solver,n,p,time,sd
NumPy Solve,4450,5000,8.674702405699989,0.0160631924436114
