solver,n,p,time,sd
NumPy Solve,850,5000,8.722137962549995,0.012372458078579783
