solver,n,p,time,sd
NumPy Solve,3700,5000,8.693822650819996,0.028935754583895183
