solver,n,p,time,sd
NumPy Solve,5000,2700,1.3960881207599982,0.0010009241618465143
