solver,n,p,time,sd
NumPy Solve,5000,2800,1.5421050191500003,0.0016064667440588338
