solver,n,p,time,sd
NumPy Solve,5000,4850,8.04195290668,0.017159418648865037
