solver,n,p,time,sd
NumPy Solve,4800,5000,1.9327331238599978,0.024837553296003026
