solver,n,p,time,sd
NumPy Solve,650,650,0.007260222340000021,0.0007749328487298686
