solver,n,p,time,sd
NumPy Solve,2800,5000,8.678092847079993,0.0031776323273834035
