solver,n,p,time,sd
NumPy Solve,1700,1700,0.35043460935999987,0.0011681269939943376
