solver,n,p,time,sd
NumPy Solve,3700,3700,3.5697591848300023,0.0007393440814492672
