solver,n,p,time,sd
NumPy Solve,1900,5000,8.708501702320008,0.00996552025720689
