solver,n,p,time,sd
NumPy Solve,5000,750,0.010669335070000022,0.0002493743886455653
