solver,n,p,time,sd
NumPy Solve,5000,1150,0.0329267265899999,0.0008960322658877487
