solver,n,p,time,sd
NumPy Solve,5000,3250,2.422590653840002,0.008537385252664209
