solver,n,p,time,sd
NumPy Solve,3300,3300,2.5234485069300012,0.000822161878801012
