solver,n,p,time,sd
NumPy Solve,2400,2400,0.5787649737599998,0.024075715880793304
