solver,n,p,time,sd
NumPy Solve,2200,2200,0.17907756479000012,0.0035315766473406236
