solver,n,p,time,sd
NumPy Solve,2250,5000,8.702605873030002,0.00880722323207685
