solver,n,p,time,sd
NumPy Solve,5000,2750,1.4697308137200036,0.0035357009506586583
