solver,n,p,time,sd
NumPy Solve,5000,2300,0.21936373701000028,0.008738223968983376
