solver,n,p,time,sd
NumPy Solve,5000,1400,0.1953176022799996,0.0006831293089106279
