solver,n,p,time,sd
NumPy Solve,800,800,0.03807332569000002,0.0004961310454801648
