solver,n,p,time,sd
NumPy Solve,4100,5000,8.683612161900005,0.018242082950442443
