solver,n,p,time,sd
NumPy Solve,1900,1900,0.1345301715599998,0.002060218164712302
