solver,n,p,time,sd
NumPy Solve,5000,1350,0.049612876270000134,0.0019036641448863525
