solver,n,p,time,sd
NumPy Solve,900,5000,8.678346753449997,0.011998575246292281
