solver,n,p,time,sd
NumPy Solve,3850,5000,8.67798915778999,0.026427830807321775
