solver,n,p,time,sd
NumPy Solve,50,5000,8.71073812351,0.008683558501848244
