solver,n,p,time,sd
NumPy Solve,5000,1550,0.2654155090300004,0.0009485902345486073
