solver,n,p,time,sd
NumPy Solve,1100,5000,8.702400212190001,0.004166255100759255
