solver,n,p,time,sd
NumPy Solve,1450,5000,2.01439750081,0.048307431941236524
