solver,n,p,time,sd
NumPy Solve,5000,2950,1.8072902348400033,0.004089126089617009
