solver,n,p,time,sd
NumPy Solve,5000,2200,0.19609378123999935,0.004657367344876809
