solver,n,p,time,sd
NumPy Solve,5000,800,0.01232348847999998,0.0004039270319152022
