solver,n,p,time,sd
NumPy Solve,1600,5000,8.757211251789997,0.01042334638677503
