solver,n,p,time,sd
NumPy Solve,4000,4000,1.1354559791,0.025664006116976616
