solver,n,p,time,sd
NumPy Solve,3150,3150,0.5329679203200005,0.013084370940002414
