solver,n,p,time,sd
NumPy Solve,5000,2250,0.21352141297999944,0.007328231571741267
