solver,n,p,time,sd
NumPy Solve,3200,5000,2.082584230949999,0.009922529951425143
