solver,n,p,time,sd
NumPy Solve,1800,1800,0.11267147005000017,0.0025062644739674927
