solver,n,p,time,sd
NumPy Solve,1450,1450,0.21895257666999982,0.0010728230787417643
