solver,n,p,time,sd
NumPy Solve,5000,1750,0.3793555009500008,0.0015330662260620235
