solver,n,p,time,sd
NumPy Solve,5000,4300,1.285628728480001,0.028335700268083464
