solver,n,p,time,sd
NumPy Solve,2450,5000,2.029905499620001,0.03570145087680373
