solver,n,p,time,sd
NumPy Solve,4550,4550,1.4168933517599982,0.03510252511476216
