solver,n,p,time,sd
NumPy Solve,5000,1200,0.03627068320000002,0.0018282607254785776
