solver,n,p,time,sd
NumPy Solve,150,5000,8.706209297349998,0.005923127620598254
