solver,n,p,time,sd
NumPy Solve,5000,3650,3.4402761535599975,0.019897747718707174
