solver,n,p,time,sd
NumPy Solve,2950,5000,2.0385664753199992,0.05074895417124901
