solver,n,p,time,sd
NumPy Solve,200,200,0.00035169089000000375,1.0579910339784552e-05
