solver,n,p,time,sd
NumPy Solve,4750,4750,1.7954095970100026,0.027417202911268587
