solver,n,p,time,sd
NumPy Solve,2300,5000,8.679215249369998,0.00572819461064983
