solver,n,p,time,sd
NumPy Solve,1100,1100,0.027053970949999985,0.0011896645823805366
