solver,n,p,time,sd
NumPy Solve,5000,250,0.0006922811199999712,4.573715705448355e-05
