solver,n,p,time,sd
NumPy Solve,4350,5000,8.660556356029996,0.01019392735131036
