solver,n,p,time,sd
NumPy Solve,5000,600,0.015913619580000052,5.967472813228389e-05
