solver,n,p,time,sd
NumPy Solve,3050,5000,8.741166770160001,0.02170563079234019
