solver,n,p,time,sd
NumPy Solve,1000,1000,0.021275594650000004,0.0011781881095353072
