solver,n,p,time,sd
NumPy Solve,3550,5000,2.018896949360001,0.033662765958384085
