solver,n,p,time,sd
NumPy Solve,4050,5000,8.687654342070003,0.019576429400484704
