solver,n,p,time,sd
NumPy Solve,600,5000,8.7203020455,0.014764786978156278
