solver,n,p,time,sd
NumPy Solve,4650,4650,7.0228486839099995,0.01617459329218445
