solver,n,p,time,sd
NumPy Solve,5000,3350,2.658507907209999,0.015738445386073694
