solver,n,p,time,sd
NumPy Solve,4400,5000,8.683762012619995,0.017230349427213146
