solver,n,p,time,sd
NumPy Solve,50,50,2.9059860000001382e-05,6.941084928193272e-06
