solver,n,p,time,sd
NumPy Solve,4300,4300,1.3073627927399991,0.01565771514651395
