solver,n,p,time,sd
NumPy Solve,4500,4500,1.443756030460001,0.016369598278357798
