solver,n,p,time,sd
NumPy Solve,4200,5000,2.0200096855299963,0.03425541466867
