solver,n,p,time,sd
NumPy Solve,1300,1300,0.15666257575000014,0.0005780874691260216
