solver,n,p,time,sd
NumPy Solve,5000,4750,7.5806008527399955,0.02318473594188808
