solver,n,p,time,sd
NumPy Solve,5000,4150,1.1551485453599981,0.014056983001747436
