solver,n,p,time,sd
NumPy Solve,4200,4200,1.2532423142399995,0.016268003232948237
