solver,n,p,time,sd
NumPy Solve,550,5000,8.720190163970003,0.012528525742068995
