solver,n,p,time,sd
NumPy Solve,5000,4950,8.537788213320011,0.020222810157352018
