solver,n,p,time,sd
NumPy Solve,3750,5000,8.680254269740002,0.006094981437383838
