solver,n,p,time,sd
NumPy Solve,5000,2650,1.3189364520499995,0.0008644184499323204
