solver,n,p,time,sd
NumPy Solve,2150,5000,8.705183823299997,0.00891503753449616
