solver,n,p,time,sd
NumPy Solve,1400,1400,0.19485229889000016,0.0010802477386760716
