solver,n,p,time,sd
NumPy Solve,3750,3750,0.857318229500001,0.010892277320696548
