solver,n,p,time,sd
NumPy Solve,5000,2550,0.29604289870999984,0.00564007164034127
