solver,n,p,time,sd
NumPy Solve,5000,1100,0.028437609620000037,0.0008183689172415761
