solver,n,p,time,sd
NumPy Solve,3600,5000,1.95715081634,0.018882871047043892
