solver,n,p,time,sd
NumPy Solve,1400,5000,1.9905663480800018,0.0405339760416628
