solver,n,p,time,sd
NumPy Solve,4550,5000,8.67551430905999,0.014244590846436025
