solver,n,p,time,sd
NumPy Solve,2600,5000,8.700921554099999,0.01773862420904271
