solver,n,p,time,sd
NumPy Solve,2550,5000,8.700798222130002,0.016804632032796567
