solver,n,p,time,sd
NumPy Solve,2550,2550,0.31100714578000077,0.0011058965306097331
