solver,n,p,time,sd
NumPy Solve,5000,550,0.004981251049999977,0.00044916430825290307
