solver,n,p,time,sd
NumPy Solve,1750,1750,0.10132130931000016,0.002378307353187477
