solver,n,p,time,sd
NumPy Solve,5000,4000,4.495377692900012,0.012518640445436737
