solver,n,p,time,sd
NumPy Solve,1500,5000,2.0154138783200004,0.05113216871645518
