solver,n,p,time,sd
NumPy Solve,1250,1250,0.13989660315999983,0.0006268860837931005
