solver,n,p,time,sd
NumPy Solve,5000,1800,0.41269858695999867,0.0018824551844071032
