solver,n,p,time,sd
NumPy Solve,5000,1950,0.5243793998500006,0.0015257730230471872
