solver,n,p,time,sd
NumPy Solve,5000,4050,4.711215202809989,0.020591827068917157
