solver,n,p,time,sd
NumPy Solve,5000,3400,2.75033638032,0.008265942995709086
