solver,n,p,time,sd
NumPy Solve,5000,1650,0.08617976286000005,0.0020984412692407503
