solver,n,p,time,sd
NumPy Solve,2350,5000,8.677516080510008,0.005823722788463759
