solver,n,p,time,sd
NumPy Solve,5000,2850,1.6314175245500002,0.003457583818482735
