solver,n,p,time,sd
NumPy Solve,5000,2100,0.16881417179000027,0.001445342803522054
