solver,n,p,time,sd
NumPy Solve,2850,5000,8.678294412079994,0.0035289577166902624
