solver,n,p,time,sd
NumPy Solve,5000,100,0.00011233508000000059,6.628722422422692e-06
