solver,n,p,time,sd
NumPy Solve,3100,3100,0.5055763572499994,0.011920130000910288
