solver,n,p,time,sd
NumPy Solve,900,900,0.015771303110000013,0.0006918348986577654
