solver,n,p,time,sd
NumPy Solve,5000,1600,0.2935345696399986,0.0015762582497273274
