solver,n,p,time,sd
NumPy Solve,2800,2800,1.560500478040001,0.013984520383665634
