solver,n,p,time,sd
NumPy Solve,800,5000,8.719264208110005,0.013566796822909857
