solver,n,p,time,sd
NumPy Solve,1700,5000,8.738566521470007,0.012247681469445108
