solver,n,p,time,sd
NumPy Solve,5000,4550,6.609262660390002,0.009469047234378827
