solver,n,p,time,sd
NumPy Solve,5000,4800,7.776545922340005,0.017055137944419454
