solver,n,p,time,sd
NumPy Solve,2300,2300,0.22757215215999976,0.001104237715672724
