solver,n,p,time,sd
NumPy Solve,1350,1350,0.17553735553000013,0.0009008888613643462
