solver,n,p,time,sd
NumPy Solve,2050,5000,2.046979884580001,0.05512771644147379
