solver,n,p,time,sd
NumPy Solve,5000,700,0.008720888599999992,0.00017643048641852502
