solver,n,p,time,sd
NumPy Solve,3150,5000,2.1574451836600037,0.06561027269390987
