solver,n,p,time,sd
NumPy Solve,1150,1150,0.1093343222799998,0.0006892944006416264
