solver,n,p,time,sd
NumPy Solve,5000,2450,1.0448503137400005,0.002257143488597185
