solver,n,p,time,sd
NumPy Solve,5000,2500,1.1095761280100005,0.0030391844269609344
