solver,n,p,time,sd
NumPy Solve,5000,300,0.0009996956299999733,2.3141219657443643e-05
