solver,n,p,time,sd
NumPy Solve,2700,5000,8.678656294780003,0.0020075977806735174
