solver,n,p,time,sd
NumPy Solve,5000,2150,0.18432000612000032,0.0041480315499181665
