solver,n,p,time,sd
NumPy Solve,5000,3750,3.714988097960004,0.0196492687924632
