solver,n,p,time,sd
NumPy Solve,3500,5000,1.9615943179499973,0.01300790276464381
