solver,n,p,time,sd
NumPy Solve,3400,3400,2.740196237540005,0.0005741224825574681
