solver,n,p,time,sd
NumPy Solve,2400,5000,8.700267942069994,0.015801299542092664
