solver,n,p,time,sd
NumPy Solve,4850,5000,8.6579887852,0.006062030168749811
