solver,n,p,time,sd
NumPy Solve,4350,4350,1.365770431569998,0.01686369723078515
