solver,n,p,time,sd
NumPy Solve,5000,1500,0.2401769592699995,0.0010939702960398954
