solver,n,p,time,sd
NumPy Solve,5000,150,0.0002425531000000003,1.201012988730779e-05
