solver,n,p,time,sd
NumPy Solve,5000,4600,6.79631876346999,0.01145788908808403
