solver,n,p,time,sd
NumPy Solve,2100,5000,8.708032870810001,0.009250274766404174
