solver,n,p,time,sd
NumPy Solve,1300,5000,8.740596150899995,0.011311118883711663
