solver,n,p,time,sd
NumPy Solve,5000,4200,1.1910067492300007,0.017647086835187478
