solver,n,p,time,sd
NumPy Solve,4150,5000,8.686588729010012,0.01840130607843647
