solver,n,p,time,sd
NumPy Solve,2900,2900,1.7301514481699982,0.0015082788112820726
