solver,n,p,time,sd
NumPy Solve,400,5000,8.68470937199,0.0040898823018723175
