solver,n,p,time,sd
NumPy Solve,4900,4900,2.153952191730002,0.00501597481965608
