solver,n,p,time,sd
NumPy Solve,2850,2850,1.6421341738800004,0.0011409329073140725
