solver,n,p,time,sd
NumPy Solve,5000,2050,0.16141624112000066,0.0006181651045730414
