solver,n,p,time,sd
NumPy Solve,400,400,0.0020871663600000112,0.00020654850081375597
