solver,n,p,time,sd
NumPy Solve,5000,3700,3.591912121060001,0.020130388499078215
