solver,n,p,time,sd
NumPy Solve,3250,5000,8.776315276100002,0.024757949667459166
