solver,n,p,time,sd
NumPy Solve,2000,5000,1.9728393250999992,0.03976202635679549
