solver,n,p,time,sd
NumPy Solve,5000,1300,0.04432954717000004,0.0019421364133322058
