solver,n,p,time,sd
NumPy Solve,3050,3050,0.49190556343000025,0.01211061692903149
