solver,n,p,time,sd
NumPy Solve,4750,5000,1.9397446715399986,0.023983559673829133
