solver,n,p,time,sd
NumPy Solve,1050,5000,8.759344115430002,0.01392716257969774
