solver,n,p,time,sd
NumPy Solve,1000,5000,2.0691504152199975,0.04712097997793538
