solver,n,p,time,sd
NumPy Solve,300,300,0.0021572425300000015,2.9528242091415222e-05
