solver,n,p,time,sd
NumPy Solve,5000,2900,1.7180454082000016,0.0043759325462194585
