solver,n,p,time,sd
NumPy Solve,700,5000,2.0109867426500005,0.05056145977492588
