solver,n,p,time,sd
NumPy Solve,1750,5000,8.737049396169999,0.01219936741129239
