solver,n,p,time,sd
NumPy Solve,5000,1000,0.020940659830000156,0.0010451350473413697
