solver,n,p,time,sd
NumPy Solve,5000,450,0.006912036700000001,6.995521684659574e-05
