solver,n,p,time,sd
NumPy Solve,1850,5000,8.711922958019997,0.01034605061942082
