solver,n,p,time,sd
NumPy Solve,3900,5000,8.678187144349998,0.02664106549784294
