solver,n,p,time,sd
NumPy Solve,4950,5000,8.656469665859992,0.01115100666079094
