solver,n,p,time,sd
NumPy Solve,1950,1950,0.15498375914999982,0.001259752914539947
