solver,n,p,time,sd
NumPy Solve,1150,5000,8.74526347886,0.011562549514111233
