solver,n,p,time,sd
NumPy Solve,1500,1500,0.24302991563999995,0.0007179878975937224
