solver,n,p,time,sd
NumPy Solve,4050,4050,1.1408403521100012,0.0027023625072371596
