solver,n,p,time,sd
NumPy Solve,5000,4450,6.261781735910006,0.013642136250116696
