solver,n,p,time,sd
NumPy Solve,2750,2750,1.4771795904600027,0.0019910406023618166
