solver,n,p,time,sd
NumPy Solve,5000,1900,0.48513254429999997,0.0008198168304548648
