solver,n,p,time,sd
NumPy Solve,750,750,0.031163083639999912,0.0004181126019804938
