solver,n,p,time,sd
NumPy Solve,5000,4250,1.2494959787600017,0.028131486183446023
