solver,n,p,time,sd
NumPy Solve,5000,3900,0.9796735623899987,0.014144915248022388
