solver,n,p,time,sd
NumPy Solve,4650,5000,8.65921419931,0.0055367938019671116
