solver,n,p,time,sd
NumPy Solve,850,850,0.04499114399000003,0.0004991340867444449
