solver,n,p,time,sd
NumPy Solve,4400,4400,1.3590964238900005,0.014843044033744294
