solver,n,p,time,sd
NumPy Solve,5000,3050,0.5057737428599995,0.02066777546064508
