solver,n,p,time,sd
NumPy Solve,3550,3550,0.7761752485000002,0.0031268413214838517
