solver,n,p,time,sd
NumPy Solve,3250,3250,0.567363888710001,0.012750608708217655
