solver,n,p,time,sd
NumPy Solve,2100,2100,0.16929113625000017,0.0021787211510710097
