solver,n,p,time,sd
NumPy Solve,4900,5000,8.660086769660007,0.005944551637657202
