solver,n,p,time,sd
NumPy Solve,3600,3600,3.273831295990001,0.0009734212348533662
