solver,n,p,time,sd
NumPy Solve,5000,3950,4.368789493489996,0.01965955789209001
