solver,n,p,time,sd
NumPy Solve,3000,3000,0.467400894890001,0.009542766049865928
