solver,n,p,time,sd
NumPy Solve,1050,1050,0.024752856449999996,0.0014025909501621248
