solver,n,p,time,sd
NumPy Solve,5000,400,0.005007353419999991,6.423213463731837e-05
