solver,n,p,time,sd
NumPy Solve,5000,850,0.04470846031999974,0.0004816233177461627
