solver,n,p,time,sd
NumPy Solve,3650,5000,1.9574223057499986,0.018971736952057675
