solver,n,p,time,sd
NumPy Solve,3950,5000,8.683760703350005,0.026962362996623523
