solver,n,p,time,sd
NumPy Solve,5000,1450,0.2177455525400013,0.0009197550483197491
