solver,n,p,time,sd
NumPy Solve,2600,2600,0.3127800316400001,0.00407962335180878
