solver,n,p,time,sd
NumPy Solve,450,5000,8.684448234310004,0.003824547826472516
