solver,n,p,time,sd
NumPy Solve,1550,1550,0.07028525487999981,0.002037204831966005
