solver,n,p,time,sd
NumPy Solve,4950,4950,1.9976056414600032,0.013472669158478572
