solver,n,p,time,sd
NumPy Solve,5000,50,4.684948000000078e-05,6.3532624304036545e-06
