solver,n,p,time,sd
NumPy Solve,950,5000,2.003853487180001,0.043668178338506294
