solver,n,p,time,sd
NumPy Solve,3500,3500,3.00543896475,0.002482443065408739
