solver,n,p,time,sd
NumPy Solve,5000,4700,1.6633344831999994,0.05103906229075853
