solver,n,p,time,sd
NumPy Solve,3450,3450,2.8776231107800005,0.0013100308673340015
