solver,n,p,time,sd
NumPy Solve,5000,950,0.06177044053,0.0002979805673920419
