solver,n,p,time,sd
NumPy Solve,2500,2500,0.27127471167000006,0.008073767270176191
