solver,n,p,time,sd
NumPy Solve,3850,3850,4.02763716657,0.005762053931151293
