solver,n,p,time,sd
NumPy Solve,750,5000,1.9953954569800019,0.04688155858413021
