solver,n,p,time,sd
NumPy Solve,4250,5000,8.688679922470001,0.017185366550836086
