solver,n,p,time,sd
NumPy Solve,200,5000,1.9892958439500006,0.026853613409945264
