solver,n,p,time,sd
NumPy Solve,5000,4100,4.88829085854999,0.023594277158824867
