solver,n,p,time,sd
NumPy Solve,5000,4350,1.3753440218600026,0.03795269422382295
