solver,n,p,time,sd
NumPy Solve,4800,4800,4.501368949829998,0.21914564415876697
