solver,n,p,time,sd
NumPy Solve,1250,5000,8.739981988400004,0.01284995572268741
