solver,n,p,time,sd
NumPy Solve,5000,1850,0.4494958777999999,0.0013206541368374868
